"시설명","시설코드","시설종류명(시설유형)","시설종류상세명(시설종류)","자치구(시)구분","시설장명","시군구코드","시군구명","시설주소","정원(수용인원)","현인원","전화번호","우편번호"
"서울꽃동네신내노인요양원","A0001","(노인) 노인요양시설","노인의료복지시설","자치구","최은숙","1126000000","중랑구","서울특별시 중랑구 신내로 194 ","234","234","02-490-2609","02052"
"청운노인요양원","A0003","(노인) 노인요양시설","노인의료복지시설","자치구","이종후","1111000000","종로구","서울특별시 종로구 비봉길 76 (구기동)","45","45","02-3217-0057","03001"
"천사노인요양원","A0007","(노인) 노인요양시설","노인의료복지시설","자치구","김샛별","1150000000","강서구","서울특별시 강서구 강서로45다길 30-22","161","151","02-2602-2443","07704"
"서울특별시립 남부노인전문요양원","A0016","(노인) 노인요양시설","노인의료복지시설","자치구","한철수","1156000000","영등포구","경기도 군포시 고산로 589","190","188","031-390-1003","15820"
"노인요양센터 인영실버","A0099","(노인) 노인요양시설","노인의료복지시설","자치구","이희법","1154500000","금천구","서울특별시 금천구 금하로 596-0 ","96","84","02-804-6141","08632"
"동명노인복지센타","A0100","(노인) 노인요양시설","노인의료복지시설","자치구","김병한","1162000000","관악구","서울특별시 관악구 봉천로23라길 15(봉천동)","90","90","02-875-2770","151829"
"영기노인요양원","A0131","(노인) 노인요양시설","노인의료복지시설","자치구","김원제","1135000000","노원구","서울특별시 노원구 동일로248길 30 (상계동)","83","83","02-939-8111","01623"
"은천노인요양센터","A0343","(노인) 노인요양시설","노인의료복지시설","자치구","박애자","1123000000","동대문구","서울특별시 동대문구 장한로27가길 66 (장안동)","28","29","02-2249-9980","02527"
"동작실버센터","A0347","(노인) 노인요양시설","노인의료복지시설","자치구","이재희","1159000000","동작구","서울특별시 동작구 노량진로32길 53 (본동)","68","68","02-821-8600","06908"
"구립서초노인요양센터","A0368","(노인) 노인요양시설","노인의료복지시설","자치구","나종선","1165000000","서초구","서울특별시 서초구 남부순환로340길 21 (서초동 380-4)","200","200","02-597-5008","06756"
"구립서초노인요양센터","A0386","(노인) 노인요양시설","노인의료복지시설","자치구","이민정","1165000000","서초구","서울특별시 서초구 남부순환로340길21","200","184","02-597-5008","06756"
"광림노인전문요양원","A0400","(노인) 노인요양시설","노인의료복지시설","자치구","홍종환","1168000000","강남구","강원 춘천시 서면 경춘로 771-79(서면)","100","89","033-263-3995","24463"
"사랑의집","A0519","(노인) 노인요양공동생활가정","노인의료복지시설","자치구","김원태","1117000000","용산구","서울특별시 용산구 효창원로15길 24(산천동)","9","8","02-715-9020","04357"
"청운노인복지센터","A0607","(노인) 노인요양시설","노인의료복지시설","자치구","손창숙","1159000000","동작구","서울특별시 동작구 국사봉1길 145(상도동)","100","100","02-823-3833","156844"
"두엄자리","A0765","(노인) 노인요양시설","노인의료복지시설","자치구","김명화","1147000000","양천구","서울특별시 양천구 목동중앙남로16다길 6-13 (목동)","22","21","02-2642-8267","07952"
"청운실버센터","A0937","(노인) 노인요양공동생활가정","노인의료복지시설","자치구","이지원","1111000000","종로구","서울특별시 종로구 자하문로28길 29 (청운동)","9","9","02-730-4966","03047"
"시립중계노인전문요양원","A0974","(노인) 노인요양시설","노인의료복지시설","자치구","민동세","1135000000","노원구","서울특별시 노원구 섬밭로 313 (중계동)","258","256","02-3399-7500","01771"
"시립서부노인전문요양센터","A1025","(노인) 노인요양시설","노인의료복지시설","자치구","이희근","1144000000","마포구","서울특별시 마포구 월드컵로36길 15 (성산동)","270","270","02-376-0472","03937"
"중앙소규모요양시설","A1302","(노인) 노인요양시설","노인의료복지시설","자치구","박형준","1141000000","서대문구","서울특별시 서대문구 서소문로 43-49 (합동)","24","24","02-362-9262","03741"
"남부실버요양원","A1307","(노인) 노인요양시설","노인의료복지시설","자치구","송평섭","1154500000","금천구","서울특별시 금천구 범안로12가길 59","28","27","02-804-1957","08602"
"순애노인전문요양원","A1310","(노인) 노인요양시설","노인의료복지시설","자치구","마민주","1129000000","성북구","경기 고양시 덕양구 고골길 178번길73(관산동)","114","80","031-962-8360","10265"
"어르신이행복한세상요양센터01호","A1328","(노인) 노인요양공동생활가정","노인의료복지시설","자치구","박병택","1147000000","양천구","서울특별시 양천구 신월로 338원빌딩 2층","9","8","02-2646-3893","08086"
"한사랑실버케어요양원","A1515","(노인) 노인요양시설","노인의료복지시설","자치구","주광미","1123000000","동대문구","서울특별시 동대문구 장한로28길 56 (장안동)","29","20","02-3394-4560","02524"
"자비의집","A1547","(노인) 노인요양시설","노인의료복지시설","자치구","허영숙","1138000000","은평구","서울특별시 은평구 서오릉로 30-17(녹번동)","25","26","02-354-1116","03380"
"구립하계실버센터","A1703","(노인) 노인요양시설","노인의료복지시설","자치구","김민성","1135000000","노원구","서울특별시 노원구 한글비석로 4 (하계동)","76","76","02-975-9555","01862"
"정성요양원","A1704","(노인) 노인요양공동생활가정","노인의료복지시설","자치구","김대경","1159000000","동작구","서울특별시 동작구 보라매로 89-0거성빌딩 6층","9","9","02-822-8636","07060"
"효림노인요양센터","A1723","(노인) 노인요양시설","노인의료복지시설","자치구","김동금","1141000000","서대문구","서울특별시 서대문구 경기대로9길 62 (충정로3가)","21","21","02-313-5124","03746"
"호선실버센터","A1926","(노인) 노인요양시설","노인의료복지시설","자치구","배국원","1150000000","강서구","서울특별시 강서구 수명로2길 96-0","110","95","02-2662-6712","07636"
"강북노인전문요양원","A1945","(노인) 노인요양시설","노인의료복지시설","자치구","김응익","1130500000","강북구","서울특별시 강북구 삼양로92길 20(수유동)","80","78","02-900-8957","01082"
"유자원","A2007","(노인) 노인요양시설","노인의료복지시설","자치구","장영실","1123000000","동대문구","서울특별시 동대문구 망우로 82 (휘경동)","120","100","02-3394-5467","02500"
"시립동부노인전문요양센터","A2112","(노인) 노인요양시설","노인의료복지시설","자치구","곽금봉","1120000000","성동구","서울특별시 성동구 마장로23길 12 (홍익동)","296","296","02-3407-2705","04706"
"정원치매노인요양센터","A2159","(노인) 노인요양시설","노인의료복지시설","자치구","이호석","1138000000","은평구","경기도 파주시 장지산로200번길 32-83(광탄면)","168","148","031-943-7001","10954"
"청암노인요양원","A2214","(노인) 노인요양시설","노인의료복지시설","자치구","이성희","1171000000","송파구","서울특별시 송파구 성내천로 193 (마천동)","70","70","02-443-4048","05745"
"정원노인요양원","A2215","(노인) 노인요양시설","노인의료복지시설","자치구","강혜식","1138000000","은평구","경기도 파주시 장지산로200번길 32-83(광탄면)","112","96","031-942-8887","10954"
"서초성심노인복지센터","A2361","(노인) 노인요양시설","노인의료복지시설","자치구","오명숙","1165000000","서초구","서울특별시 서초구 반포대로22길 61 (서초동 1558-15)","29","29","02-582-6004","06646"
"일광노인요양센터","A2412","(노인) 노인요양시설","노인의료복지시설","자치구","장성란","1129000000","성북구","서울특별시 성북구 보문로31길 70 (삼선동3가)","29","24","02-742-0755","02863"
"청남노인요양공동생활가정","A2538","(노인) 노인요양공동생활가정","노인의료복지시설","자치구","강경희","1159000000","동작구","서울특별시 동작구 강남초등8길 20-04층","9","9","02-566-6976","156830"
"사랑이있는집노인요양공동생활가정","A2912","(노인) 노인요양공동생활가정","노인의료복지시설","자치구","정문자","1121500000","광진구","서울특별시 광진구 용마산로8마길 7-10(중곡동)","9","9","02-456-0775","04939"
"구립용산노인전문요양원","A2944","(노인) 노인요양시설","노인의료복지시설","자치구","김신희","1117000000","용산구","서울특별시 용산구 효창원로93길 51 (효창동)","91","91","02-715-5540","04311"
"구립영등포노인케어센터","A3121","(노인) 노인요양시설","노인의료복지시설","자치구","이지은","1156000000","영등포구","서울특별시 영등포구 도림로 482","118","118","02-2637-3960","07296"
"남부실버요양센터 다솔관","A3370","(노인) 노인요양시설","노인의료복지시설","자치구","이경옥","1154500000","금천구","서울특별시 금천구 범안로12가길 59","63","63","02-804-1957","08602"
"아름다운실버홈","A3469","(노인) 노인요양시설","노인의료복지시설","자치구","박은영","1111000000","종로구","서울특별시 종로구 평창길 123 (평창동)","16","16","02-394-0461","03002"
"성암장수마을","A3710","(노인) 노인요양시설","노인의료복지시설","자치구","황용규","1174000000","강동구","서울특별시 강동구 구천면로68길 46 (천호동)","100","75","02-489-2081","05306"
"북악실버홈 (휴지중)","A3980","(노인) 노인요양공동생활가정","노인의료복지시설","자치구","손양순","1111000000","종로구","서울특별시 종로구 진흥로 493-6 (신영동)","5","0","02-391-7936","03007"
"e-포근한 요양원","A3996","(노인) 노인요양시설","노인의료복지시설","자치구","황광민","1130500000","강북구","서울특별시 강북구 도봉로 266 (미아동)","25","25","02-989-9987","01128"
"양천사랑마루","A4519","(노인) 노인요양시설","노인의료복지시설","자치구","이경복","1147000000","양천구","서울특별시 양천구 곰달래로6길 17-1 (신월동)","41","40","02-2699-3275","07925"
"서울성모원 노인요양공동생활가정","A4555","(노인) 노인요양공동생활가정","노인의료복지시설","자치구","이희주","1156000000","영등포구","서울특별시 영등포구 대림로12가길 7-1","9","9","02-831-9311","07438"
"효노인복지센터","A4585","(노인) 노인요양공동생활가정","노인의료복지시설","자치구","곽현숙","1130500000","강북구","서울특별시 강북구 오현로 194덕수빌딩 2층 (번동)","9","9","02-984-0695","01224"
"봄날실버센터","A4600","(노인) 노인요양시설","노인의료복지시설","자치구","김미숙","1150000000","강서구","서울특별시 강서구 금낭화로 39봄날실버센터","42","42","02-2665-8057","07608"
"시니어스너싱홈","A4602","(노인) 노인요양시설","노인의료복지시설","자치구","김영채","1150000000","강서구","서울특별시 강서구 화곡로68길 102","56","56","02-3660-7630","07550"
"한마음노인전문요양원","A4615","(노인) 노인요양시설","노인의료복지시설","자치구","이은점","1150000000","강서구","서울특별시 강서구 초록마을로14길 44 (화곡동)","26","14","02-2607-7315","07722"
"붓다마을","A4746","(노인) 노인요양시설","노인의료복지시설","자치구","강차남","1138000000","은평구","서울특별시 은평구 연서로48길 41 (진관동)","271","284","02-3156-7500","03308"
"민영요양센터","A4788","(노인) 노인요양공동생활가정","노인의료복지시설","자치구","김표남","1130500000","강북구","서울특별시 강북구 삼양로 184미아동, 유유빌딩5층","9","9","02-987-7600","01174"
"구립 역삼노인요양센터","A4918","(노인) 노인요양시설","노인의료복지시설","자치구","임상백","1168000000","강남구","서울특별시 강남구 도곡로27길 27 (역삼동)","14","14","02-501-5684","06228"
"신목동노인복지센터","A4937","(노인) 노인요양공동생활가정","노인의료복지시설","자치구","정진화","1147000000","양천구","서울특별시 양천구 중앙로 291대지빌딩 5층","6","6","02-2698-6677","08028"
"로뎀노인요양공동생활가정","A4962","(노인) 노인요양공동생활가정","노인의료복지시설","자치구","정희선","1126000000","중랑구","서울특별시 중랑구 동일로169길 40 ","9","9","02-973-4404","02003"
"진각노인요양센터","A4976","(노인) 노인요양시설","노인의료복지시설","자치구","김상민","1129000000","성북구","서울특별시 성북구 화랑로13길 17진각노인요양센터 (하월곡동)","120","124","02-942-0194","02748"
"시온노인요양원","A4997","(노인) 노인요양공동생활가정","노인의료복지시설","자치구","이수빈","1138000000","은평구","서울특별시 은평구 갈현로 270 인송빌딩  4층인송빌딩 4층","9","9","02-353-5847","03329"
"구립양천어르신요양센터","A5050","(노인) 노인요양시설","노인의료복지시설","자치구","이미연","1147000000","양천구","서울특별시 양천구 신월로 26 (신정동)","80","80","02-2695-1620","08051"
"관악실버케어","A5072","(노인) 노인요양시설","노인의료복지시설","자치구","정윤성","1162000000","관악구","서울특별시 관악구 대학18길 34-7 (신림동)","17","17","02-875-3114","08820"
"미래요양원2","A5092","(노인) 노인요양공동생활가정","노인의료복지시설","자치구","김종래","1156000000","영등포구","서울특별시 영등포구 대림로 88재상빌딩 402호","9","9","02-833-2306","07438"
"해피안","A5098","(노인) 노인요양시설","노인의료복지시설","자치구","김해숙","1138000000","은평구","서울특별시 은평구 연서로15길 27-2(구산동)","21","21","02-385-0705","03411"
"백마요양원","A5194","(노인) 노인요양시설","노인의료복지시설","자치구","김주희","1129000000","성북구","서울특별시 성북구 종암로18길 14 (종암동)","25","25","02-943-6090","02797"
"노원사랑요양원1","A5227","(노인) 노인요양공동생활가정","노인의료복지시설","자치구","안경희","1135000000","노원구","서울특별시 노원구 동일로174길 44301호","9","9","02-977-2468","01849"
"도봉실버센터","A5266","(노인) 노인요양시설","노인의료복지시설","자치구","강병석","1132000000","도봉구","서울특별시 도봉구 시루봉로 133","119","119","02-955-6080","01316"
"굿모닝케어노인전문요양원","A5477","(노인) 노인요양시설","노인의료복지시설","자치구","신영식","1171000000","송파구","서울특별시 송파구 성내천로16길 17","49","49","02-401-5075","05742"
"므두셀라실버타운","A5485","(노인) 노인요양시설","노인의료복지시설","자치구","조용옥","1121500000","광진구","서울특별시 광진구 능동로 360 (중곡동)","39","37","02-2201-8259","04921"
"주사랑노인종합복지센터","A5495","(노인) 노인요양공동생활가정","노인의료복지시설","자치구","박신광","1135000000","노원구","서울특별시 노원구 광운로 482층","9","9","02-943-7718","01894"
"한세노인복지센터","A5579","(노인) 노인요양시설","노인의료복지시설","자치구","황현옥","1126000000","중랑구","서울특별시 중랑구 신내로 50-53층","29","29","02-438-1020","02069"
"연궁너싱홈","A5673","(노인) 노인요양공동생활가정","노인의료복지시설","자치구","박옥규","1141000000","서대문구","서울특별시 서대문구 증가로 492층","9","7","02-323-4333","03702"
"예덕너싱홈","A5737","(노인) 노인요양공동생활가정","노인의료복지시설","자치구","전유경","1147000000","양천구","서울특별시 양천구 중앙로 232해성산부인과 4층과 지하1층일부","9","9","02-2647-9620","08091"
"함춘요양원","A5846","(노인) 노인요양시설","노인의료복지시설","자치구","김진규","1165000000","서초구","서울특별시 서초구 논현로1길 13 (양재동 402-3)","48","48","02-575-1850","06791"
"노원사랑요양원2","A5878","(노인) 노인요양공동생활가정","노인의료복지시설","자치구","김미경","1135000000","노원구","서울특별시 노원구 동일로174길 44302호","9","9","02-977-2468","01849"
"녹번실버","A6014","(노인) 노인요양시설","노인의료복지시설","자치구","김희자","1138000000","은평구","서울특별시 은평구 통일로57길 5-10(녹번동)","13","13","02-389-7875","122827"
"온누리요양원","A6139","(노인) 노인요양공동생활가정","노인의료복지시설","자치구","김태선","1150000000","강서구","서울특별시 강서구 강서로5나길 743층","9","6","02-2692-8888","07776"
"구립송파노인요양센터","A6153","(노인) 노인요양시설","노인의료복지시설","자치구","권영미","1171000000","송파구","서울특별시 송파구 충민로 184","130","130","02-415-0056","05792"
"미성요양원","A6233","(노인) 노인요양시설","노인의료복지시설","자치구","권명희","1162000000","관악구","서울특별시 관악구 난곡로63가길 421.3층 (신림동)","76","75","02-856-8009","08771"
"베스트그린요양원2호점","A6257","(노인) 노인요양공동생활가정","노인의료복지시설","자치구","정상우","1126000000","중랑구","서울특별시 중랑구 동일로 775그린프라자 6층","9","9","02-438-1601","02102"
"아름다운뜰안에요양원","A6344","(노인) 노인요양시설","노인의료복지시설","자치구","장현숙","1111000000","종로구","서울특별시 종로구 평창21길 70 (평창동)","38","38","02-396-0461","03005"
"노원사랑요양원3","A6441","(노인) 노인요양공동생활가정","노인의료복지시설","자치구","정혜윤","1135000000","노원구","서울특별시 노원구 동일로174길 44201호","9","9","02-977-2487","01849"
"구립대치노인요양센터","A6499","(노인) 노인요양공동생활가정","노인의료복지시설","자치구","이은경","1168000000","강남구","서울특별시 강남구 역삼로69길 22","8","8","02-564-0108","06196"
"행복요양원","A6578","(노인) 노인요양공동생활가정","노인의료복지시설","자치구","김희라","1153000000","구로구","서울특별시 구로구 경인로23길 87층 (오류동)(오류동)","9","9","02-855-4822","08268"
"법화노인요양원","A6634","(노인) 노인요양시설","노인의료복지시설","자치구","안영일","1162000000","관악구","서울특별시 관악구 법원단지길 153 (신림동)","26","23","02-855-0202","08852"
"보라매요양원3호점","A6663","(노인) 노인요양공동생활가정","노인의료복지시설","자치구","이병란","1159000000","동작구","서울특별시 동작구 보라매로 88-088 (신대방동)","9","9","02-811-0055","07053"
"늘편한요양센터2호","A7017","(노인) 노인요양공동생활가정","노인의료복지시설","자치구","이동욱","1174000000","강동구","서울특별시 강동구 구천면로318, 2층 (천호동)","9","9","024743135","134600"
"실버캐슬","A7065","(노인) 노인요양공동생활가정","노인의료복지시설","자치구","정은주","1154500000","금천구","서울특별시 금천구 시흥대로 202대의빌딩 6층 (시흥동)","9","9","02-805-0533","08629"
"거목실버홈","A7091","(노인) 노인요양공동생활가정","노인의료복지시설","자치구","이주영","1130500000","강북구","서울특별시 강북구 한천로1160, 3층 (수유동)","9","9","029047782","01046"
"거목요양홈","A7092","(노인) 노인요양공동생활가정","노인의료복지시설","자치구","홍미경","1130500000","강북구","서울특별시 강북구 한천로1160, 3층 (수유동)","8","7","029047782","01046"
"금천구립사랑채요양원","A7132","(노인) 노인요양시설","노인의료복지시설","자치구","이찬우","1154500000","금천구","서울특별시 금천구 금하로 764-0","72","72","02-2068-7522","08645"
"맑은샘요양원","A7167","(노인) 노인요양공동생활가정","노인의료복지시설","자치구","이명금","1123000000","동대문구","서울특별시 동대문구 한천로37길19, 2층 (답십리동, 창승빌딩 A동)","9","9","0222442552","02535"
"노블케어스","A7187","(노인) 노인요양시설","노인의료복지시설","자치구","양태승","1138000000","은평구","서울특별시 은평구 응암로 353 (녹번동)","170","165","02-391-0006","03458"
"수노인요양공동생활가정2호점","A7188","(노인) 노인요양공동생활가정","노인의료복지시설","자치구","이정희","1132000000","도봉구","서울특별시 도봉구 도당로80, 5층 (방학동)","7","7","0234946786","01342"
"선화요양원","A7202","(노인) 노인요양시설","노인의료복지시설","자치구","원창근","1150000000","강서구","서울특별시 강서구 등촌로 1833층 (등촌동)","42","42","0226551888","07668"
"두레노인요양원C","A7205","(노인) 노인요양공동생활가정","노인의료복지시설","자치구","오성희","1126000000","중랑구","서울특별시 중랑구 신내로 45-0 해성빌딩 501호","9","9","0222077500","02085"
"효심원 노인요양공동생활가정","A7231","(노인) 노인요양공동생활가정","노인의료복지시설","자치구","김응종","1114000000","중구","서울특별시 중구 청구로17길98 (신당동)","9","9","02-2254-0833","04607"
"중앙실버노인요양공동생활가정","A7275","(노인) 노인요양공동생활가정","노인의료복지시설","자치구","박형준","1141000000","서대문구","서울특별시 서대문구 충정로4길5-25 (충정로3가)","6","6","023629263","03741"
"참빛요양센터","A7284","(노인) 노인요양시설","노인의료복지시설","자치구","정윤석","1132000000","도봉구","서울특별시 도봉구 도봉로141길 11(쌍문동, 참빛빌딩)","48","48","02-993-3889","01391"
"청화요양원","A7319","(노인) 노인요양시설","노인의료복지시설","자치구","박진양","1129000000","성북구","서울특별시 성북구 서경로 67 (정릉동)","36","27","029422255","02716"
"샬렘요양원","A7352","(노인) 노인요양공동생활가정","노인의료복지시설","자치구","장윤영","1144000000","마포구","서울특별시 마포구 서강로1길12-6 (창전동, 6, 7층)","9","9","02-333-7599","04065"
"가원노인요양공동생활가정1호점","A7370","(노인) 노인요양공동생활가정","노인의료복지시설","자치구","장윤영","1132000000","도봉구","서울특별시 도봉구 방학로169, 5층 (방학동)","9","9","02-956-9882","01384"
"보문요양원","A7405","(노인) 노인요양시설","노인의료복지시설","자치구","한경민","1129000000","성북구","서울특별시 성북구 인촌로7길 322~5층 (안암동1가)","29","26","02-960-1123","02850"
"세검정실버홈","A7412","(노인) 노인요양시설","노인의료복지시설","자치구","이창훈","1111000000","종로구","서울특별시 종로구 평창2길 5 (평창동)","23","23","02-391-7936","03008"
"가원노인요양공동생활가정2호점","A7461","(노인) 노인요양공동생활가정","노인의료복지시설","자치구","김수현","1132000000","도봉구","서울특별시 도봉구 방학로169, 4층 (방학동)","9","9","02-956-9882","01384"
"대림실버1 노인요양공동생활가정","A7466","(노인) 노인요양공동생활가정","노인의료복지시설","자치구","김판석","1156000000","영등포구","서울특별시 영등포구 디지털로398, 2층 (대림동, 대성빌딩)","7","7","02-832-1107","07438"
"대림실버2노인요양공동생활가정","A7467","(노인) 노인요양공동생활가정","노인의료복지시설","자치구","공복란","1156000000","영등포구","서울특별시 영등포구 디지털로398, 5층 (대림동, 대성빌딩)","7","7","02-849-8775","07438"
"케어콜요양원","A7494","(노인) 노인요양공동생활가정","노인의료복지시설","자치구","박연숙","1150000000","강서구","서울특별시 강서구 강서로5나길74, 4층 (화곡동)","9","0","02-2692-8888","07776"
"늘푸른요양원2호점","A7506","(노인) 노인요양공동생활가정","노인의료복지시설","자치구","박찬옥","1126000000","중랑구","서울특별시 중랑구 용마산로488, 3층 (망우동, 유진빌딩)","9","9","024320410","02182"
"은천요양원","A7545","(노인) 노인요양시설","노인의료복지시설","자치구","이병만","1123000000","동대문구","서울특별시 동대문구 장한로27가길53 (장안동)","46","30","070-4735-6845","02527"
"미소들실버케어센터","A7599","(노인) 노인요양시설","노인의료복지시설","자치구","김금자","1153000000","구로구","서울특별시 구로구 고척로21나길 88-41 (개봉동)","75","75","0220679021","08250"
"노블타운요양원","A7600","(노인) 노인요양시설","노인의료복지시설","자치구","조항진","1138000000","은평구","서울특별시 은평구 서오릉로 35 (녹번동)","99","93","02-387-2200","03459"
"도봉효드림요양원","A7601","(노인) 노인요양공동생활가정","노인의료복지시설","자치구","진명순","1132000000","도봉구","서울특별시 도봉구 마들로13길175, 6층 (창동)","9","9","02-900-5151","01411"
"서울숲 요양원","A7609","(노인) 노인요양공동생활가정","노인의료복지시설","자치구","박윤희","1120000000","성동구","서울특별시 성동구 뚝섬로401-2, 4층 (성수동2가)","9","9","02-6204-7227","04784"
"구로푸른요양원","A7619","(노인) 노인요양시설","노인의료복지시설","자치구","남미송","1153000000","구로구","서울특별시 구로구 개봉로3길 9 (개봉동)","99","83","02-1544-6572","08353"
"수요양원","A7625","(노인) 노인요양공동생활가정","노인의료복지시설","자치구","최진","1135000000","노원구","서울특별시 노원구 동일로237다길16, 3층 (상계동)","9","7","02-936-1231","01611"
"보눔케어요양원","A7650","(노인) 노인요양시설","노인의료복지시설","자치구","유진숙","1171000000","송파구","서울특별시 송파구 가락로 27 (석촌동)","110","110","024133275","05691"
"광진소규모요양시설","A7670","(노인) 노인요양시설","노인의료복지시설","자치구","오상원","1121500000","광진구","서울특별시 광진구 자양로51길 11-25 (구의동)","29","28","02-499-1515","04955"
"거목노인요양원","A7751","(노인) 노인요양공동생활가정","노인의료복지시설","자치구","김서연","1130500000","강북구","서울특별시 강북구 한천로 1160 (수유동)","9","9","02-904-7782","01046"
"한마음너싱홈","A7758","(노인) 노인요양공동생활가정","노인의료복지시설","자치구","김은자","1120000000","성동구","서울특별시 성동구 용답중앙길 91 (용답동)","9","9","02-2215-0174","04805"
"신목행복자리어르신요양센터","A7908","(노인) 노인요양시설","노인의료복지시설","자치구","박지은","1147000000","양천구","서울특별시 양천구 신목로 10현대아파트 단지 내 106동 앞 (신정동, 목동현대아파트)","21","21","02-2643-6645","08008"
"남산실버복지센터","A7928","(노인) 노인요양시설","노인의료복지시설","자치구","박창남","1114000000","중구","서울특별시 중구 동호로5길 189 (신당동)","14","14","02-2238-9941","04595"
"(주)도봉늘푸른요양원","A7929","(노인) 노인요양공동생활가정","노인의료복지시설","자치구","김다희","1132000000","도봉구","서울특별시 도봉구 방학로 115-03층","9","9","02-3492-0550","132849"
"행복한집","A7965","(노인) 노인요양시설","노인의료복지시설","자치구","문명희","1150000000","강서구","서울특별시 강서구 개화동로11길 3-12","25","25","02-2662-1815","07504"
"그랜드너싱홈","A8007","(노인) 노인요양시설","노인의료복지시설","자치구","조규영","1174000000","강동구","서울특별시 강동구 양재대로 1465마루홈타운 301호 (길동)","20","19","02-472-0998","05353"
"길음안나의집 노인전문요양원","A8008","(노인) 노인요양시설","노인의료복지시설","자치구","김옥경","1129000000","성북구","서울특별시 성북구 길음로9길 46 (길음동)","60","62","02-940-3500","02721"
"나이팅게일너싱홈","A8012","(노인) 노인요양공동생활가정","노인의료복지시설","자치구","김나경","1147000000","양천구","서울특별시 양천구 오목로 22뉴스타빌딩 202호","9","9","02-2602-6677","08029"
"보람의집","A8046","(노인) 노인요양공동생활가정","노인의료복지시설","자치구","유도원","1147000000","양천구","서울특별시 양천구 목동로23길 34205호","9","9","02-2605-1666","158856"
"광진한울촌노인요양시설","A8052","(노인) 노인요양시설","노인의료복지시설","자치구","이태화","1121500000","광진구","서울특별시 광진구 군자로 79","93","93","02-464-4511","05002"
"정성노인요양원","A8080","(노인) 노인요양공동생활가정","노인의료복지시설","자치구","배태옥","1159000000","동작구","서울특별시 동작구 보라매로 89거성빌딩 5층","9","9","02-822-8636","07060"
"시립송파노인전문요양원","A8127","(노인) 노인요양시설","노인의료복지시설","자치구","김나현","1171000000","송파구","서울특별시 송파구 백제고분로32길 37","93","93","02-2202-9179","05598"
"부모섬김노인요양원","A8156","(노인) 노인요양시설","노인의료복지시설","자치구","천정용","1129000000","성북구","서울특별시 성북구 오패산로 98로만프라자 3층 (하월곡동)","29","30","02-941-8890","02741"
"홍은노인요양시설","A8158","(노인) 노인요양시설","노인의료복지시설","자치구","백영수","1141000000","서대문구","서울특별시 서대문구 홍은중앙로9길 21 (홍은동)","21","21","02-391-1355","03602"
"한보리노인요양센타","A8188","(노인) 노인요양공동생활가정","노인의료복지시설","자치구","최설희","1162000000","관악구","서울특별시 관악구 난향길 5태성빌딩 3층","9","9","02-830-0678","08859"
"로뎀복지요양원","A8214","(노인) 노인요양시설","노인의료복지시설","자치구","이제숙","1154500000","금천구","서울특별시 금천구 시흥대로59길 20","37","37","02-802-9012","08632"
"흰돌장기요양센터1호점","A8240","(노인) 노인요양공동생활가정","노인의료복지시설","자치구","기용우","1174000000","강동구","서울특별시 강동구 구천면로 323개나리프라자 6층","9","9","02-481-6562","05265"
"실버캐슬요양센터","A8276","(노인) 노인요양공동생활가정","노인의료복지시설","자치구","김천미","1154500000","금천구","서울특별시 금천구 시흥대로 202대의빌딩 6층","9","9","02-805-0533","153858"
"관악노인종합사회복지관 병설 관악치매전문요양센터","A8318","(노인) 노인요양시설","노인의료복지시설","자치구","정정희","1162000000","관악구","서울특별시 관악구 보라매로 35 (봉천동)","","","02-888-6958","08708"
"노원효사랑요양원","A8322","(노인) 노인요양공동생활가정","노인의료복지시설","자치구","조미옥","1135000000","노원구","서울특별시 노원구 동일로173가길 37선석빌딩 4층","7","7","02-979-3225","01859"
"청담노인복지센터","A8326","(노인) 노인요양공동생활가정","노인의료복지시설","자치구","유지훈","1154500000","금천구","서울특별시 금천구 금하로29길 36금하로 29길 36","8","9","070-4680-2461","08656"
"임원요양원","A8356","(노인) 노인요양시설","노인의료복지시설","자치구","최유리","1154500000","금천구","서울특별시 금천구 독산로 359 (독산동)","74","75","02-852-1153","08537"
"백산실버홈","A8357","(노인) 노인요양공동생활가정","노인의료복지시설","자치구","전윤서","1141000000","서대문구","서울특별시 서대문구 모래내로 285현대빌딩 4층","9","8","02-307-7796","03663"
"마포노인복지센터","A8371","(노인) 노인요양시설","노인의료복지시설","자치구","한승훈","1144000000","마포구","서울특별시 마포구 만리재옛12길 6-2 (공덕동)","14","14","02-712-3633","04208"
"성심복지센터","A8452","(노인) 노인요양공동생활가정","노인의료복지시설","자치구","고창근","1123000000","동대문구","서울특별시 동대문구 망우로 122-14층","9","9","02-2243-2303","02501"
"은파요양원","A8463","(노인) 노인요양공동생활가정","노인의료복지시설","자치구","김여영","1123000000","동대문구","서울특별시 동대문구 한천로 77일신빌딩 3층","9","9","02-2212-3712","02611"
"은나무요양원","A8464","(노인) 노인요양공동생활가정","노인의료복지시설","자치구","곽상원","1123000000","동대문구","서울특별시 동대문구 한천로 77일신빌딩 3층","9","4","02-2212-3712","02611"
"로뎀요양원","A8532","(노인) 노인요양공동생활가정","노인의료복지시설","자치구","서일선","1138000000","은평구","서울특별시 은평구 통일로72길 31(불광동)","8","8","02-357-6113","03351"
"금호노인요양원","A8551","(노인) 노인요양시설","노인의료복지시설","자치구","한향율","1120000000","성동구","서울특별시 성동구 금호로 45정은타워 2층 (금호동4가)","46","46","02-2294-3515","04737"
"한사랑실버센터2호점","A8562","(노인) 노인요양공동생활가정","노인의료복지시설","자치구","이춘석","1174000000","강동구","서울특별시 강동구 양재대로 14946층 602호","9","9","02-482-6400","05343"
"축복재가장기노인요양원","A8586","(노인) 노인요양공동생활가정","노인의료복지시설","자치구","김세호","1126000000","중랑구","서울특별시 중랑구 용마산로 389석주빌딩 4층","9","9","02-437-7447","131812"
"참노인요양원(공동생활가정)","A8623","(노인) 노인요양공동생활가정","노인의료복지시설","자치구","유민혁","1156000000","영등포구","서울특별시 영등포구 가마산로 373주현빌딩 5층 ","9","9","02-833-6886","07381"
"주현노인요양원","A8624","(노인) 노인요양공동생활가정","노인의료복지시설","자치구","유민혁","1156000000","영등포구","서울특별시 영등포구 가마산로 373주현빌딩 5층 (대림동)","8","8","02-833-6446","07381"
"수실버간호센터","A8637","(노인) 노인요양공동생활가정","노인의료복지시설","자치구","이천우","1171000000","송파구","서울특별시 송파구 성내천로 2123층","9","9","02-448-8400","138818"
"서대문노인복지관요양센터","A8673","(노인) 노인요양시설","노인의료복지시설","자치구","탁우상","1141000000","서대문구","서울특별시 서대문구 독립문로8길 57 (천연동)","24","24","02-363-9915","03745"
"엘림요양원","A8716","(노인) 노인요양시설","노인의료복지시설","자치구","박길진","1138000000","은평구","서울특별시 은평구 응암로 348(녹번동)","36","36","02-357-9600","03459"
"양천어르신종합복지관병설 양천어르신요양센터","A8751","(노인) 노인요양시설","노인의료복지시설","자치구","한승호","1147000000","양천구","서울특별시 양천구 목동로3길 106 (신정동)","17","17","02-2649-8836","08098"
"은빛노인요양공동생활가정1","A8773","(노인) 노인요양공동생활가정","노인의료복지시설","자치구","박미선","1171000000","송파구","서울특별시 송파구 거마로 99","9","9","024021005","138817"
"은빛노인요양공동생활가정4","A8774","(노인) 노인요양공동생활가정","노인의료복지시설","자치구","진난주","1171000000","송파구","서울특별시 송파구 거마로 994층","9","9","02-402-1005","138817"
"참사랑노인요양센터","A8782","(노인) 노인요양공동생활가정","노인의료복지시설","자치구","고정숙","1130500000","강북구","서울특별시 강북구 오현로 32청우빌딩 6층 (미아동)","9","9","02-981-1212","01233"
"실버밸리노인요양공동생활가정","A8812","(노인) 노인요양공동생활가정","노인의료복지시설","자치구","김승오","1121500000","광진구","서울특별시 광진구 자양로 652층 (자양동)","9","9","02-444-3655","05056"
"송파치매케어센터","A8835","(노인) 노인요양시설","노인의료복지시설","자치구","이경희","1171000000","송파구","서울특별시 송파구 백제고분로32길 41","28","28","02-2203-9401","05598"
"강남구립 논현요양센터","A8869","(노인) 노인요양시설","노인의료복지시설","자치구","정명희","1168000000","강남구","서울특별시 강남구 강남대로128길 59 (논현동)","29","29","02-541-0226","06111"
"노원실버센터","A8937","(노인) 노인요양시설","노인의료복지시설","자치구","이수남","1135000000","노원구","서울특별시 노원구 동일로 1097 (공릉동)","87","82","02-978-7722","01852"
"상봉요양원","A9020","(노인) 노인요양시설","노인의료복지시설","자치구","노태곤","1126000000","중랑구","서울특별시 중랑구 용마산로 494상아빌딩 5층","23","23","02-2207-8803","02182"
"봄날서울요양원","A9082","(노인) 노인요양시설","노인의료복지시설","자치구","채재혁","1150000000","강서구","서울특별시 강서구 양천로1길 100","124","121","02-2661-8600","07516"
"효도로노인전문요양원","A9096","(노인) 노인요양시설","노인의료복지시설","자치구","오근영","1153000000","구로구","서울특별시 구로구 경인로 393-7 (고척동)","170","167","02-2066-7799","08227"
"인자인케어센터","A9110","(노인) 노인요양시설","노인의료복지시설","자치구","정선량","1111000000","종로구","서울특별시 종로구 평창17길 26 (평창동)","43","39","02-394-2234","03006"
"나눔의집","A9119","(노인) 노인요양공동생활가정","노인의료복지시설","자치구","임준희","1147000000","양천구","서울특별시 양천구 목동로23길 34205호","9","9","02-2605-1666","07938"
"케어윌","A9177","(노인) 노인요양시설","노인의료복지시설","자치구","강영희","1129000000","성북구","서울특별시 성북구 보문로 50 (보문동7가)","110","62","02-927-6060","02859"
"강남실버센터","A9181","(노인) 노인요양시설","노인의료복지시설","자치구","강다혜","1168000000","강남구","서울특별시 강남구 삼성로 628 (삼성동)","20","20","02-549-7133","06085"
"푸른요양원1호점","A9216","(노인) 노인요양시설","노인의료복지시설","자치구","인순자","1130500000","강북구","서울특별시 강북구 도봉로81길 43 (수유동)","27","26","02-999-2234","01081"
"벧엘의집요양원","A9238","(노인) 노인요양공동생활가정","노인의료복지시설","자치구","박미혜","1162000000","관악구","서울특별시 관악구 문성로 963층","9","9","02-856-4382","08864"
"늘사랑실버센터","A9258","(노인) 노인요양시설","노인의료복지시설","자치구","김용길","1135000000","노원구","서울특별시 노원구 한글비석로 444교림노원프라자 5층 (상계동)","80","80","02-932-0033","01666"
"효원노인복지센터A","A9381","(노인) 노인요양공동생활가정","노인의료복지시설","자치구","김학봉","1126000000","중랑구","서울특별시 중랑구 상봉중앙로1길 12세광빌딩 3,4층","9","9","02-438-0606","02091"
"한사랑실버센터1호점","A9387","(노인) 노인요양공동생활가정","노인의료복지시설","자치구","이춘석","1174000000","강동구","서울특별시 강동구 양재대로 1494","9","9","02-482-6400","05343"
"포도나무실버타운2호점","A9452","(노인) 노인요양공동생활가정","노인의료복지시설","자치구","이현주","1171000000","송파구","서울특별시 송파구 가락로 26층","7","7","02-413-1147","05693"
"포도나무실버타운1호점","A9453","(노인) 노인요양공동생활가정","노인의료복지시설","자치구","임은주","1171000000","송파구","서울특별시 송파구 가락로 26층","9","9","02-413-1147","05693"
"강동노인복지관 치매요양원","A9535","(노인) 노인요양시설","노인의료복지시설","자치구","이유리","1174000000","강동구","서울특별시 강동구 동남로71길 32-5강동노인종합복지관 5층 (명일동)","25","24","02-426-2041","05269"
"광진노인보호센터","A9553","(노인) 노인요양공동생활가정","노인의료복지시설","자치구","조철행","1121500000","광진구","서울특별시 광진구 뚝섬로58길 13(자양동)","9","9","02-458-0350","05103"
"밝은요양원","A9631","(노인) 노인요양공동생활가정","노인의료복지시설","자치구","이선숙","1121500000","광진구","서울특별시 광진구 긴고랑로 124층 (중곡동)","9","9","02-969-8001","04913"
"예원요양원","A9645","(노인) 노인요양공동생활가정","노인의료복지시설","자치구","문성숙","1126000000","중랑구","서울특별시 중랑구 용마산로 554동화빌딩 2층","9","9","02-433-1221","131804"
"유린원광노인요양원","A9683","(노인) 노인요양시설","노인의료복지시설","자치구","김순덕","1126000000","중랑구","서울특별시 중랑구 신내로 56 (신내동)","87","86","02-438-4093","02069"
"사랑의집","A9722","(노인) 노인요양공동생활가정","노인의료복지시설","자치구","이정희","1165000000","서초구","서울특별시 서초구 탑성말길 26(염곡동 217-5)","9","9","02-579-7582","06798"
"중앙효노인요양공동생활가정","A9827","(노인) 노인요양공동생활가정","노인의료복지시설","자치구","박형준","1141000000","서대문구","서울특별시 서대문구 서소문로 43-531층,3층","6","6","02-362-9263","03741"
"평창동시니어센터","A9891","(노인) 노인요양시설","노인의료복지시설","자치구","임명순","1111000000","종로구","서울특별시 종로구 평창15길 10 (평창동)","68","68","02-391-7936","03006"
"에덴실버요양원","A9903","(노인) 노인요양공동생활가정","노인의료복지시설","자치구","장미화","1171000000","송파구","서울특별시 송파구 송이로 198-1","9","9","02-407-1768","05796"
"미래요양원","A9970","(노인) 노인요양공동생활가정","노인의료복지시설","자치구","이문노","1156000000","영등포구","서울특별시 영등포구 대림로 88재상빌딩 4층","9","9","02-833-2307","07438"
"구립서대문노인전문요양센터","B4161","(노인) 노인요양시설","노인의료복지시설","자치구","김희철","1141000000","서대문구","서울특별시 서대문구 홍지문2길 59 (홍은동)","78","78","02-392-3080","03608"
"사회복지법인 진각복지재단 진각홈케어 성북센터","F04366","(노인) 노인요양시설","노인의료복지시설","자치구","양효정","1129000000","성북구","서울특별시 성북구 화랑로 215층 (하월곡동)","","42","02-913-3525","02740"
"이암요양원","F04452","(노인) 노인요양시설","노인의료복지시설","자치구","지소현","1120000000","성동구","서울특별시 성동구 마장로 125 (상왕십리동)","49","49","02-2299-0062","04700"
"늘푸른요양원","F04668","(노인) 노인요양공동생활가정","노인의료복지시설","자치구","안은주","1129000000","성북구","서울특별시 성북구 장월로1길 604층 (상월곡동)","9","9","02-915-2556","02748"
"(가칭)치매안심마을","F04762","(노인) 노인요양시설","노인의료복지시설","자치구","","1117000000","용산구","경기도 양주시 백석읍 기산로440번길 34 ","144","","02-2199-7552","11518"
"서울시립마포실버케어센터","F04766","(노인) 노인요양시설","노인의료복지시설","자치구","","1144000000","마포구","서울특별시 마포구 백범로31길 21서울특별시립마포실버케어센터 (공덕동)","","","02-000-0000","04147"
"서울시립동대문실버케어센터","F04767","(노인) 노인요양시설","노인의료복지시설","자치구","","1100000000","서울특별시","서울특별시 동대문구 황물로 12 (답십리동)","","","02-000-0000","02591"
"수명산요양원","F14036","(노인) 노인요양시설","노인의료복지시설","자치구","한미영","1150000000","강서구","서울특별시 강서구 수명로2가길 25-16수명산요양원 (내발산동)(내발산동)","65","65","02-2661-7300","07641"
"88소망요양원","F14037","(노인) 노인요양공동생활가정","노인의료복지시설","자치구","김은옥","1150000000","강서구","서울특별시 강서구 화곡로 2253층 (화곡동)(화곡동)","9","9","02-2661-1253","07695"
"시립강동실버케어센터","F14054","(노인) 노인요양시설","노인의료복지시설","자치구","정경일","1100000000","서울특별시","서울특별시 강동구 고덕로 199 (고덕동) 시립강동실버케어센터","","","010-4586-2308","05235"
"민영재활요양원","F14074","(노인) 노인요양시설","노인의료복지시설","자치구","김표남","1130500000","강북구","서울특별시 강북구 덕릉로40길 663층 (번동)(번동)","","","02-987-7600","01138"
"민영재활요양원","F14075","(노인) 노인요양시설","노인의료복지시설","자치구","김표남","1130500000","강북구","서울특별시 강북구 덕릉로40길 663층 (번동)","","","02-987-7600","01138"
"해피데이공동생활가정","G0026","(노인) 노인요양공동생활가정","노인의료복지시설","자치구","장세용","1132000000","도봉구","서울특별시 도봉구 해등로21, 나동 104호 (창동)","9","9","02-999-3571","01485"
"노인요양시설 실버스토리","G0027","(노인) 노인요양시설","노인의료복지시설","자치구","황애린","1141000000","서대문구","서울특별시 서대문구 모래내로 330 (홍은동)","99","89","02-337-8678","03658"
"삼농실버마을","G0032","(노인) 노인요양시설","노인의료복지시설","자치구","이윤희","1153000000","구로구","서울특별시 구로구 오류로8길 84 (오류동)","120","118","02-2617-9980","08344"
"참빛요양원","G0201","(노인) 노인요양시설","노인의료복지시설","자치구","유영옥","1132000000","도봉구","서울특별시 도봉구 도봉로 6399층 (쌍문동)","23","23","070-8671-2095","01391"
"사랑과섬김요양원","G0204","(노인) 노인요양공동생활가정","노인의료복지시설","자치구","박애자","1126000000","중랑구","서울특별시 중랑구 묵동 239-51 창성빌딩2층","9","9","02-974-7004","02006"
"보라매요양원2호점","G0278","(노인) 노인요양공동생활가정","노인의료복지시설","자치구","엄성현","1159000000","동작구","서울특별시 동작구 보라매로 88-088 (신대방동)","9","9","02-811-0055","07053"
"보라매요양원1호점","G0282","(노인) 노인요양공동생활가정","노인의료복지시설","자치구","이승아","1159000000","동작구","서울특별시 동작구 보라매로 88-088 (신대방동)","9","9","028110056","07053"
"사랑초요양원","G0285","(노인) 노인요양시설","노인의료복지시설","자치구","송길한","1147000000","양천구","서울특별시 양천구 지양로 152 (신월동)","119","114","0226051190","08033"
"사랑재요양원","G0319","(노인) 노인요양시설","노인의료복지시설","자치구","이주한","1121500000","광진구","서울특별시 광진구 자양로 188 (구의동)","74","74","024463356","05031"
"구립한남노인요양원","G0357","(노인) 노인요양시설","노인의료복지시설","자치구","김종학","1117000000","용산구","서울특별시 용산구 독서당로 103 (한남동)","81","81","027908999","04419"
"효심(가)요양원","G0443","(노인) 노인요양공동생활가정","노인의료복지시설","자치구","최진희","1126000000","중랑구","서울특별시 중랑구 중화동210-17 5층","9","9","07081567366","02115"
"효심(나)요양원","G0444","(노인) 노인요양공동생활가정","노인의료복지시설","자치구","김혜원","1126000000","중랑구","서울특별시 중랑구 중화동210-17 5층","9","9","07081567366","02115"
"국민건강보험공단 서울요양원","G0512","(노인) 노인요양시설","노인의료복지시설","자치구","박득수","1168000000","강남구","서울특별시 강남구 헌릉로590길 50 (세곡동)","150","150","0221601000","06366"
"대한실버하우스","G0522","(노인) 노인요양공동생활가정","노인의료복지시설","자치구","유영호","1154500000","금천구","서울특별시 금천구 독산로78길 21(독산동)","9","9","02-855-8191","08557"
"은혜실버노인요양공동생활가정","G0528","(노인) 노인요양공동생활가정","노인의료복지시설","자치구","김영성","1141000000","서대문구","서울특별시 서대문구 응암로1길 8-4(북가좌동)","8","8","02-304-2429","03678"
"사랑채요양종합복지센터","G0627","(노인) 노인요양공동생활가정","노인의료복지시설","자치구","위정희","1132000000","도봉구","서울특별시 도봉구 도봉로133길34, 1층 (쌍문동)","9","9","029746290","01394"
"도봉요양원","G0636","(노인) 노인요양공동생활가정","노인의료복지시설","자치구","김신곤","1132000000","도봉구","서울특별시 도봉구 도봉로601, 401호 (쌍문동)","9","9","02-9009898","01395"
"어버이사랑노인의료복지센터1","G0650","(노인) 노인요양공동생활가정","노인의료복지시설","자치구","강혜원","1156000000","영등포구","서울특별시 영등포구 도림로318, 4층 (신길동)","9","9","02-832-3355","07382"
"어버이사랑노인의료복지센터2","G0651","(노인) 노인요양공동생활가정","노인의료복지시설","자치구","김현주","1156000000","영등포구","서울특별시 영등포구 도림로318, 5층 (신길동)","9","9","02-832-3358","07382"
"어버이사랑노인의료복지센터3","G0652","(노인) 노인요양공동생활가정","노인의료복지시설","자치구","양재영","1156000000","영등포구","서울특별시 영등포구 도림로318, 6층 (신길동)","8","8","02-832-3359","07382"
"유민복지센터","G0706","(노인) 노인요양공동생활가정","노인의료복지시설","자치구","정인예","1129000000","성북구","서울특별시 성북구 장위로26길20 (장위동)","6","5","027633962","02745"
"노원편안한요양원2","G0724","(노인) 노인요양공동생활가정","노인의료복지시설","자치구","김판석","1135000000","노원구","서울특별시 노원구 상계로27길12, 3층 (상계동, 경인빌딩)","7","7","029328088","01682"
"노원편안한요양원1","G0725","(노인) 노인요양공동생활가정","노인의료복지시설","자치구","정진주","1135000000","노원구","서울특별시 노원구 상계로27길12, 3층 (상계동, 경인빌딩)","9","9","029328088","01682"
"가온요양원2","G0759","(노인) 노인요양공동생활가정","노인의료복지시설","자치구","구자연","1130500000","강북구","서울특별시 강북구 한천로 10755층 (수유동)","9","9","02-907-1117","01070"
"가온요양원1","G0761","(노인) 노인요양공동생활가정","노인의료복지시설","자치구","김명국","1130500000","강북구","서울특별시 강북구 한천로 10753층 (수유동)","9","9","02-6959-8078","01070"
"강남유명요양원","G0863","(노인) 노인요양공동생활가정","노인의료복지시설","자치구","원진순","1168000000","강남구","서울특별시 강남구 개포로140길32, 5층 (일원동, 원효빌딩)","9","9","024453770","06339"
"서울시립중랑노인전문요양원","G0884","(노인) 노인요양시설","노인의료복지시설","자치구","조남식","1126000000","중랑구","서울특별시 중랑구 양원역로 38 (망우동, 시립중랑노인전문요양원)","165","165","024370144","02062"
"인애요양원","G0891","(노인) 노인요양공동생활가정","노인의료복지시설","자치구","이방희","1162000000","관악구","서울특별시 관악구 신림로169, 201호 (신림동, 영창빌딩)","9","9","02-883-9430","08845"
"사랑나눔요양원2","G1063","(노인) 노인요양공동생활가정","노인의료복지시설","자치구","조숙현","1130500000","강북구","서울특별시 강북구 도봉로 2434층 (미아동)","9","8","02-999-1366","01118"
"사랑재활요양원","G1064","(노인) 노인요양공동생활가정","노인의료복지시설","자치구","조옥희","1132000000","도봉구","서울특별시 도봉구 덕릉로59아길54, 4층 (창동)","9","9","029003882","01464"
"은평요양원","G1094","(노인) 노인요양시설","노인의료복지시설","자치구","정수민","1138000000","은평구","서울특별시 은평구 진흥로 473,4층 (역촌동)","45","45","023880709","03408"
"love사랑맞이요양원","G1102","(노인) 노인요양시설","노인의료복지시설","자치구","임하연","1132000000","도봉구","서울특별시 도봉구 마들로649-20, 8층 (방학동)","24","24","029553322","01332"
"A  도봉재활요양원","G1137","(노인) 노인요양시설","노인의료복지시설","자치구","이근례","1132000000","도봉구","서울특별시 도봉구 도봉로152길26, 6층 (방학동)","41","41","02-3494-6101","01332"
"'(협)효마을 중랑 노인요양공동생활가정","G1156","(노인) 노인요양공동생활가정","노인의료복지시설","자치구","배윤신","1126000000","중랑구","서울특별시 중랑구 용마공원로3길24-10, 지층 (망우동)","9","9","07076038100","02180"
"목동조은요양원","G1167","(노인) 노인요양공동생활가정","노인의료복지시설","자치구","김현진","1147000000","양천구","서울특별시 양천구 중앙로 294명성빌딩 8층 (신정동)","9","9","0226010492","08026"
"휴림실버요양센터","G1211","(노인) 노인요양시설","노인의료복지시설","자치구","곽철희","1153000000","구로구","서울특별시 구로구 디지털로27길 119B2,2,3 (가리봉동)","154","143","02-855-0066","08385"
"21세기요양원 노인요양공동생활가정","G1299","(노인) 노인요양공동생활가정","노인의료복지시설","자치구","최정희","1156000000","영등포구","서울특별시 영등포구 도신로69, 4층층 (도림동)","9","9","02-835-2730","07374"
"상봉요양원요양센터","G1334","(노인) 노인요양시설","노인의료복지시설","자치구","장태숙","1126000000","중랑구","서울특별시 중랑구 용마산로 485 (망우동)","54","54","02-2209-9776","02173"
"봄날북한산요양원","G1340","(노인) 노인요양시설","노인의료복지시설","자치구","이영선","1130500000","강북구","서울특별시 강북구 4.19로 77 (수유동)","137","121","02-991-5111","01015"
"'(협)노인돌봄은평요양원","G1351","(노인) 노인요양공동생활가정","노인의료복지시설","자치구","전명희","1138000000","은평구","서울특별시 은평구 가좌로 3063층 (신사동)","9","9","07088089929","03452"
"난향요양원","G1354","(노인) 노인요양공동생활가정","노인의료복지시설","자치구","김종분","1162000000","관악구","서울특별시 관악구 남부순환로 1474, 3층층 (신림동)","9","9","028666028","08771"
"난향요양원2","G1355","(노인) 노인요양공동생활가정","노인의료복지시설","자치구","이종분","1162000000","관악구","서울특별시 관악구 남부순환로 1470, 4층층 (신림동)","9","9","028666028","08771"
"수색실버케어","G1388","(노인) 노인요양시설","노인의료복지시설","자치구","최재식","1138000000","은평구","서울특별시 은평구 수색로272-1 (수색동)","67","57","023051188","03489"
"종로시니어스타워","G1403","(노인) 노인요양시설","노인의료복지시설","자치구","박명은","1111000000","종로구","서울특별시 종로구 홍지문길 29 (홍지동)","77","77","02-1877-5255","03015"
"성동실버케어요양원","G1469","(노인) 노인요양공동생활가정","노인의료복지시설","자치구","동홍우","1121500000","광진구","서울특별시 광진구 뚝섬로 6134층 (자양동)","9","9","02-444-6100","05063"
"다사랑요양원","G1482","(노인) 노인요양시설","노인의료복지시설","자치구","장혜숙","1132000000","도봉구","서울특별시 도봉구 도봉로191길 88-6 (도봉동)","60","60","02-995-3600","01301"
"사랑재활요양원2호점","G1493","(노인) 노인요양공동생활가정","노인의료복지시설","자치구","설영일","1132000000","도봉구","서울특별시 도봉구 덕릉로59아길 54-0 (창동)54, 3층층 (창동, 이순빌딩)","9","9","029077854","01464"
"효심(라)요양원","G1495","(노인) 노인요양공동생활가정","노인의료복지시설","자치구","이지택","1126000000","중랑구","서울특별시 중랑구 망우로 171, 6층층 (중화동)","9","9","07081567366","131878"
"효심(다)요양원","G1496","(노인) 노인요양공동생활가정","노인의료복지시설","자치구","이춘우","1126000000","중랑구","서울특별시 중랑구 망우로 171, 6층층 (중화동)","9","9","07081567366","131600"
"엔젤요양원","G1539","(노인) 노인요양공동생활가정","노인의료복지시설","자치구","홍사록","1162000000","관악구","서울특별시 관악구 남부순환로 1432-7, 401호호 (신림동, 대우빌딩)","9","9","028655522","151600"
"가나안요양원","G1542","(노인) 노인요양공동생활가정","노인의료복지시설","자치구","오경철","1162000000","관악구","서울특별시 관악구 조원로 24, 601호호 (신림동, 새한빌딩)","9","10","028685004","151600"
"수명산요양원","G1570","(노인) 노인요양시설","노인의료복지시설","자치구","한미영","1150000000","강서구","서울특별시 강서구 수명로2가길 25-16(내발산동, 수명산요양원)","63","63","02-2661-7300","07641"
"A 행복한그린요양원","G1585","(노인) 노인요양시설","노인의료복지시설","자치구","박기숙","1135000000","노원구","서울특별시 노원구 동일로230나길 23 (상계동)","20","20","029513877","139600"
"사랑방요양원","G1622","(노인) 노인요양공동생활가정","노인의료복지시설","자치구","이경순","1132000000","도봉구","서울특별시 도봉구 도봉로 727-1 (방학동)727-1, 2층 (방학동)","9","9","02-955-1190","01350"
"주은요양원","G1623","(노인) 노인요양공동생활가정","노인의료복지시설","자치구","함수용","1154500000","금천구","서울특별시 금천구 시흥대로 487독산동 (독산동)","9","9","02-852-5178","08530"
"강일성모노인요양원","G1662","(노인) 노인요양시설","노인의료복지시설","자치구","한정일","1174000000","강동구","서울특별시 강동구 고덕로 476 (강일동)","74","72","02-426-9663","05286"
"카멜리아요양원","G1691","(노인) 노인요양공동생활가정","노인의료복지시설","자치구","박희웅","1126000000","중랑구","서울특별시 중랑구 동일로933, 7층층 (묵동, 수정빌딩)","9","9","029497719","131600"
"꿈에그린요양원1","G1713","(노인) 노인요양공동생활가정","노인의료복지시설","자치구","김승호","1132000000","도봉구","서울특별시 도봉구 방학로106, 4층층 (방학동)","9","9","07088385311","01345"
"구로 미가 요양원","G1744","(노인) 노인요양시설","노인의료복지시설","자치구","이옥진","1153000000","구로구","서울특별시 구로구 천왕로 366층 (천왕동)","21","21","02-2613-6321","08365"
"도봉은빛요양원","G1749","(노인) 노인요양공동생활가정","노인의료복지시설","자치구","최은정","1132000000","도봉구","서울특별시 도봉구 방학로106, 5층 (방학동)","9","9","029556464","01345"
"강서사랑요양원","G1803","(노인) 노인요양시설","노인의료복지시설","자치구","이은경","1150000000","강서구","서울특별시 강서구 곰달래로 71 (화곡동)","56","45","02-2135-3710","07772"
"홍릉요양원","G1822","(노인) 노인요양공동생활가정","노인의료복지시설","자치구","박장순","1123000000","동대문구","서울특별시 동대문구 제기로72, 5층 (제기동, 홍릉요양원)","9","9","029603460","130890"
"'참좋은요양원","G1828","(노인) 노인요양공동생활가정","노인의료복지시설","자치구","신용주","1138000000","은평구","서울특별시 은평구 가좌로 3062층 (신사동)","9","9","02-371-5371","03452"
"삼성요양원","G1831","(노인) 노인요양시설","노인의료복지시설","자치구","박재경","1162000000","관악구","서울특별시 관악구 호암로401, 501호호 (신림동)","13","13","028751212","151600"
"서울시립 영보노인요양원","G1838","(노인) 노인요양시설","노인의료복지시설","자치구","김재성","1100000000","서울특별시","경기도 용인시 처인구 이동면 이원로483","","","031-323-5705","156600"
"종암요양원","G1918","(노인) 노인요양시설","노인의료복지시설","자치구","배진희","1129000000","성북구","서울특별시 성북구 종암로9길56 (종암동)","15","12","02-921-1009","136600"
"햇살요양원","G1932","(노인) 노인요양시설","노인의료복지시설","자치구","강혜아","1150000000","강서구","서울특별시 강서구 공항대로41길 34-0 (등촌동)34 (등촌동)","46","46","0236657772","07587"
"참사랑실버케어","G1934","(노인) 노인요양시설","노인의료복지시설","자치구","황중석","1150000000","강서구","서울특별시 강서구 까치산로106 (화곡동)","41","39","0220651295","157650"
"그린요양원","G2007","(노인) 노인요양공동생활가정","노인의료복지시설","자치구","차세광","1132000000","도봉구","서울특별시 도봉구 방학로 115, 2층 (방학동, 그린빌딩)","9","9","029568998","01390"
"주안요양원","G2061","(노인) 노인요양공동생활가정","노인의료복지시설","자치구","권영주","1138000000","은평구","서울특별시 은평구 서오릉로13길10 (구산동)","9","9","023566599","122600"
"밝은햇살요양원","G2062","(노인) 노인요양공동생활가정","노인의료복지시설","자치구","박종하","1150000000","강서구","서울특별시 강서구 강서로29길38, 1층 (화곡동)","9","9","0226080410","157650"
"둥지요양원","G2067","(노인) 노인요양시설","노인의료복지시설","자치구","장서현","1129000000","성북구","서울특별시 성북구 오패산로 49, 2층 1호 (하월곡동)","20","14","02-943-1235","136600"
"가족사랑요양원","G2181","(노인) 노인요양시설","노인의료복지시설","자치구","권현섭","1130500000","강북구","서울특별시 강북구 한천로 1108-1, 2, 3층 (수유동)","20","20","029998334","01048"
"행복한노인요양원2","G2213","(노인) 노인요양공동생활가정","노인의료복지시설","자치구","김문주","1130500000","강북구","서울특별시 강북구 덕릉로46, 2호 4층 (수유동)","9","9","07088726401","01111"
"행복한노인요양원1","G2214","(노인) 노인요양공동생활가정","노인의료복지시설","자치구","김민배","1130500000","강북구","서울특별시 강북구 덕릉로46, 2호, 2층 (수유동)","9","9","029026400","142600"
"가온요양원","G2227","(노인) 노인요양공동생활가정","노인의료복지시설","자치구","이정희","1135000000","노원구","서울특별시 노원구 노원로479, 5층 (상계동, 대광빌딩)","9","9","029513001","139600"
"우리가족요양원 2호점","G2243","(노인) 노인요양공동생활가정","노인의료복지시설","자치구","여유라","1126000000","중랑구","서울특별시 중랑구 용마산로 488, 5층 (망우동, 유진빌딩)","9","9","024937005","131600"
"우리가족요양원 1호점","G2244","(노인) 노인요양공동생활가정","노인의료복지시설","자치구","조명훈","1126000000","중랑구","서울특별시 중랑구 용마산로 488, 6층 (망우동, 유진빌딩)","9","9","024937005","131600"
"효드림요양원","G2267","(노인) 노인요양시설","노인의료복지시설","자치구","오은주","1141000000","서대문구","서울특별시 서대문구 응암로 62-0 (북가좌동)62, 4~7층 (북가좌동)","29","29","0231510490","03691"
"성심노인요양원","G2324","(노인) 노인요양공동생활가정","노인의료복지시설","자치구","김연호","1150000000","강서구","서울특별시 강서구 강서로74길36, 4층 (가양동, 서령빌딩)","9","9","0236632202","07573"
"은빛요양원 II","G2325","(노인) 노인요양공동생활가정","노인의료복지시설","자치구","권정숙","1162000000","관악구","서울특별시 관악구 신림로 134-0 (신림동)134, 5층 (신림동, 오성빌딩)","9","9","028888833","08838"
"은빛요양원","G2327","(노인) 노인요양공동생활가정","노인의료복지시설","자치구","이미자","1162000000","관악구","서울특별시 관악구 신림로 134, 4층 (신림동, 오성빌딩)","9","9","028888833","151600"
"실버캐슬요양원","G2332","(노인) 노인요양공동생활가정","노인의료복지시설","자치구","김영환","1154500000","금천구","서울특별시 금천구 시흥대로139길 14 (독산동)","9","9","02-854-0627","08534"
"실버캐슬 그룹홈","G2333","(노인) 노인요양공동생활가정","노인의료복지시설","자치구","노영신","1154500000","금천구","서울특별시 금천구 시흥대로139길 14 (독산동)","9","9","02-854-0626","153600"
"다원요양원","G2340","(노인) 노인요양공동생활가정","노인의료복지시설","자치구","김원두","1162000000","관악구","서울특별시 관악구 조원중앙로 24, 3층 (신림동, 우진빌딩)","9","9","028586690","151600"
"다원요양센터","G2341","(노인) 노인요양공동생활가정","노인의료복지시설","자치구","심민희","1162000000","관악구","서울특별시 관악구 조원중앙로 24, 5층 (신림동, 우진빌딩)","9","9","028586690","08765"
"영지요양원","G2368","(노인) 노인요양시설","노인의료복지시설","자치구","금경자","1126000000","중랑구","서울특별시 중랑구 봉우재로 47 (면목동)","37","37","024477621","131600"
"신월실버요양원","G2400","(노인) 노인요양시설","노인의료복지시설","자치구","구종완","1147000000","양천구","서울특별시 양천구 곰달래로 30 (신월동)","75","71","0226976281","158600"
"평강요양원","G2405","(노인) 노인요양공동생활가정","노인의료복지시설","자치구","임정옥","1126000000","중랑구","서울특별시 중랑구 용마산로112길90, 3층 (망우동, 성공빌딩)","9","9","024349169","131600"
"한솔요양원","G2419","(노인) 노인요양시설","노인의료복지시설","자치구","김수신","1129000000","성북구","서울특별시 성북구 오패산로10길 30, 4층 401호 (하월곡동)","29","28","029117879","02751"
"도우누리편안한요양원","G2460","(노인) 노인요양공동생활가정","노인의료복지시설","자치구","김현철","1123000000","동대문구","서울특별시 동대문구 한천로37길19, A동 5층 (답십리동, 창승빌딩)","9","7","02-3390-4645","130650"
"쌍문늘푸른요양원","G2474","(노인) 노인요양공동생활가정","노인의료복지시설","자치구","이강호","1132000000","도봉구","서울특별시 도봉구 해등로26길7, 쌍문동 501호 (쌍문동)","9","9","029947250","01387"
"사랑가득 요양원","G2523","(노인) 노인요양시설","노인의료복지시설","자치구","나태웅","1154500000","금천구","서울특별시 금천구 독산로194 (독산동, 영재빌딩)","43","43","02-804-1030","153600"
"가천요양원","G2527","(노인) 노인요양공동생활가정","노인의료복지시설","자치구","이정임","1126000000","중랑구","서울특별시 중랑구 신내로14길13, 4층 (신내동)","9","9","02-3423-2220","131600"
"서울숲요양원","G2547","(노인) 노인요양시설","노인의료복지시설","자치구","최한철","1162000000","관악구","서울특별시 관악구 난향7길 68 (신림동)","99","99","028584501","151600"
"나이팅게일너싱홈","G2555","(노인) 노인요양시설","노인의료복지시설","자치구","장경애","1159000000","동작구","서울특별시 동작구 남부순환로255길8, 1,3층 101,301호 (사당동, 장미빌라)","22","22","02-583-6711","156600"
"늘봄시니어케어센터","G2589","(노인) 노인요양시설","노인의료복지시설","자치구","조광희","1153000000","구로구","서울특별시 구로구 새말로 38-12 (구로동)(구로동)","15","15","028558118","08292"
"도봉하루요양원2호점","G2597","(노인) 노인요양공동생활가정","노인의료복지시설","자치구","조선아","1132000000","도봉구","서울특별시 도봉구 방학로3길 103 (쌍문동) 춘광빌딩 5~6층","9","9","07081827713","01395"
"도봉하루요양원1호점","G2598","(노인) 노인요양공동생활가정","노인의료복지시설","자치구","이정숙","1132000000","도봉구","서울특별시 도봉구 방학로3길 103 (쌍문동)","9","9","07081167713","01395"
"마더노인요양센터","G2659","(노인) 노인요양시설","노인의료복지시설","자치구","박형대","1174000000","강동구","서울특별시 강동구 명일로 230, 2층 (길동)","29","29","024736533","134600"
"엘림요양원","G2687","(노인) 노인요양공동생활가정","노인의료복지시설","자치구","우지혜","1126000000","중랑구","서울특별시 중랑구 봉우재로 79, 3층 (상봉동, 화성빌딩)","9","9","024969724","131600"
"닥터참사랑요양원","G2732","(노인) 노인요양시설","노인의료복지시설","자치구","윤영준","1117000000","용산구","서울특별시 용산구 원효로 155, 3~5층 (원효로2가)","15","15","027110335","04363"
"우리엄마요양원","G2778","(노인) 노인요양공동생활가정","노인의료복지시설","자치구","김미현","1129000000","성북구","서울특별시 성북구 보문로 123, 3층 (보문동2가)","9","8","029213002","136600"
"한가람요양원","G2846","(노인) 노인요양시설","노인의료복지시설","자치구","최연임","1150000000","강서구","서울특별시 강서구 등촌로 183, 4층 (등촌동)","20","20","0226450558","157650"
"실버캐슬요양타운","G2883","(노인) 노인요양시설","노인의료복지시설","자치구","차재철","1147000000","양천구","서울특별시 양천구 신월로 107 (신월동)","49","49","0220651451","158600"
"정원요양원","G2893","(노인) 노인요양공동생활가정","노인의료복지시설","자치구","정명자","1126000000","중랑구","서울특별시 중랑구 용마산로112길 90, 4층 (망우동)","9","9","024938859","131600"
"경복궁요양센터","G2901","(노인) 노인요양시설","노인의료복지시설","자치구","주현태","1171000000","송파구","서울특별시 송파구 성내천로47길 40 (마천동)","46","46","024080048","138600"
"중곡요양원","G2908","(노인) 노인요양공동생활가정","노인의료복지시설","자치구","배인순","1121500000","광진구","서울특별시 광진구 면목로 203, 3층 (중곡동)","9","9","024338255","143607"
"다애요양원","G2909","(노인) 노인요양시설","노인의료복지시설","자치구","서정애","1129000000","성북구","서울특별시 성북구 성북로4길 52, 한진아파트스포츠센터동 지하2층 5305,5306호 (돈암동)","36","37","02-921-3131","02831"
"사랑과섬김요양원","G2952","(노인) 노인요양공동생활가정","노인의료복지시설","자치구","김나경","1135000000","노원구","서울특별시 노원구 한글비석로 4225층 (상계동)","9","9","029301288","01668"
"강북재활요양원2호점","G3008","(노인) 노인요양공동생활가정","노인의료복지시설","자치구","나영선","1132000000","도봉구","서울특별시 도봉구 도봉로 669, 601호 (방학동)","9","9","029568700","01384"
"강북재활요양원","G3010","(노인) 노인요양공동생활가정","노인의료복지시설","자치구","장경순","1132000000","도봉구","서울특별시 도봉구 도봉로 669, 601호 (방학동)","9","9","029568700","01384"
"가족사랑요양원","G3078","(노인) 노인요양시설","노인의료복지시설","자치구","김혜자","1154500000","금천구","서울특별시 금천구 시흥대로 214, 10층 (시흥동)","29","29","02-803-7707","08628"
"큰사랑요양원","G3095","(노인) 노인요양시설","노인의료복지시설","자치구","정용훈","1132000000","도봉구","서울특별시 도봉구 도봉로180길 46, 5층 (도봉동)","29","29","0234915720","01320"
"행복마지요양원","G3108","(노인) 노인요양시설","노인의료복지시설","자치구","정한준","1150000000","강서구","서울특별시 강서구 강서로12길 8-8, 1,2층 (화곡동, 근상프리즘주상복합아파트)","29","29","0226763275","157650"
"청춘요양원","G3115","(노인) 노인요양시설","노인의료복지시설","자치구","강정희","1132000000","도봉구","서울특별시 도봉구 도봉로180길 46, 4층 (도봉동)","29","29","029540001","01320"
"은나무요양원","G3116","(노인) 노인요양시설","노인의료복지시설","자치구","황욱","1132000000","도봉구","서울특별시 도봉구 도봉로180나길 48-0 (도봉동)46, 6층 (도봉동)","29","29","029957588","01319"
"행복요양원","G3119","(노인) 노인요양시설","노인의료복지시설","자치구","조용진","1132000000","도봉구","서울특별시 도봉구 도봉로180길 46, 2층 (도봉동)","29","29","029550002","01320"
"상계요양원","G3121","(노인) 노인요양시설","노인의료복지시설","자치구","박미진","1135000000","노원구","서울특별시 노원구 동일로242바길 27 (상계동)","82","82","029313376","139600"
"새마음요양원","G3124","(노인) 노인요양공동생활가정","노인의료복지시설","자치구","장영이","1150000000","강서구","서울특별시 강서구 공항대로41길 34, 3층 (등촌동)","9","9","02-3662-5978","07587"
"희망요양원","G3125","(노인) 노인요양공동생활가정","노인의료복지시설","자치구","박래경","1150000000","강서구","서울특별시 강서구 공항대로41길 34, 3층 (등촌동)","9","9","0236635978","07587"
"미소사랑요양원","G3143","(노인) 노인요양시설","노인의료복지시설","자치구","이상실","1132000000","도봉구","서울특별시 도봉구 도봉로180길 46, 3층 (도봉동)","29","29","029543322","01320"
"선한노인전문요양원","G3169","(노인) 노인요양시설","노인의료복지시설","자치구","김광희","1132000000","도봉구","서울특별시 도봉구 덕릉로62길 52-6 (창동)52-6 (창동)","39","39","029078686","01475"
"효심요양원","G3176","(노인) 노인요양시설","노인의료복지시설","자치구","박찬우","1132000000","도봉구","서울특별시 도봉구 도봉로180길 46, 7층 (도봉동)","29","29","029569977","01320"
"가족사랑노인요양센터","G3186","(노인) 노인요양공동생활가정","노인의료복지시설","자치구","김성현","1130500000","강북구","서울특별시 강북구 월계로 75, 4층 (미아동, 동구빌딩)","9","9","029948655","01236"
"효누리요양원","G3257","(노인) 노인요양공동생활가정","노인의료복지시설","자치구","김태연","1135000000","노원구","서울특별시 노원구 한글비석로 422, 3층 (상계동)","9","9","029371030","139600"
"다애요양원","G3276","(노인) 노인요양공동생활가정","노인의료복지시설","자치구","권선태","1126000000","중랑구","서울특별시 중랑구 망우로262, 2층 (상봉동)","9","9","029600119","131600"
"행복한노인요양원3","G3292","(노인) 노인요양공동생활가정","노인의료복지시설","자치구","임종기","1130500000","강북구","서울특별시 강북구 덕릉로 46, 2, 4층 (수유동, 신우빌딩)","9","9","029026400","01111"
"더시그넘하우스 너싱홈","G3308","(노인) 노인요양시설","노인의료복지시설","자치구","옥순인","1168000000","강남구","서울특별시 강남구 자곡로 204-25 (자곡동)","60","40","024458856","06373"
"강북실버요양원2호점","G3322","(노인) 노인요양공동생활가정","노인의료복지시설","자치구","홍석중","1132000000","도봉구","서울특별시 도봉구 도봉로669, 201동 (방학동, 이정빌딩)","9","9","029567766","01346"
"소망요양원","G3323","(노인) 노인요양공동생활가정","노인의료복지시설","자치구","심향유","1123000000","동대문구","서울특별시 동대문구 한천로37길 19, 4층 (답십리동)","9","5","0222487533","130650"
"강북실버요양원","G3324","(노인) 노인요양공동생활가정","노인의료복지시설","자치구","고은숙","1132000000","도봉구","서울특별시 도봉구 도봉로669, 201호 (방학동, 이정빌딩)","9","","029567766","01346"
"솔요양원","G3335","(노인) 노인요양공동생활가정","노인의료복지시설","자치구","김효희","1150000000","강서구","서울특별시 강서구 강서로17길 25 (화곡동, 3층)","9","7","0226454454","157650"
"푸른요양원","G3336","(노인) 노인요양공동생활가정","노인의료복지시설","자치구","오선영","1150000000","강서구","서울특별시 강서구 강서로17길 25 (화곡동, 3층)","9","8","0226454454","157650"
"푸른요양원2호점","G3337","(노인) 노인요양시설","노인의료복지시설","자치구","신현진","1130500000","강북구","서울특별시 강북구 도봉로81길 43, 지,1,5~8층 (수유동)","27","26","029721736","01081"
"푸른솔요양원","G3346","(노인) 노인요양공동생활가정","노인의료복지시설","자치구","전형묵","1150000000","강서구","서울특별시 강서구 강서로17길 25 (화곡동, 3층)","9","8","0226454454","157650"
"큰사랑노인요양원","G3364","(노인) 노인요양시설","노인의료복지시설","자치구","박성애","1132000000","도봉구","서울특별시 도봉구 도봉로152길26, 7층 (방학동, 렉시온프라자)","28","28","0234925720","01332"
"중앙요양원","G3370","(노인) 노인요양공동생활가정","노인의료복지시설","자치구","전양현","1162000000","관악구","서울특별시 관악구 남부순환로 1432-7, 501호 (신림동)","9","9","028867757","151600"
"도봉하루요양원3호점","G3372","(노인) 노인요양공동생활가정","노인의료복지시설","자치구","연예령","1132000000","도봉구","서울특별시 도봉구 방학로3길103, 5,6층 (쌍문동)","8","8","07081167713","01395"
"강북요양원","G3386","(노인) 노인요양공동생활가정","노인의료복지시설","자치구","정진숙","1132000000","도봉구","서울특별시 도봉구 도봉로 669-0 (방학동)669, 5층 501호 (방학동, 이정빌딩)","9","9","029544100","01346"
"강북요양원2호점","G3387","(노인) 노인요양공동생활가정","노인의료복지시설","자치구","김정희","1132000000","도봉구","서울특별시 도봉구 도봉로 669-0 (방학동)","9","9","029544100","01346"
"효심요양원2호","G3389","(노인) 노인요양공동생활가정","노인의료복지시설","자치구","홍승대","1126000000","중랑구","서울특별시 중랑구 망우로 171, 4층 (중화동)","9","9","07045437367","131600"
"효심요양원1호","G3391","(노인) 노인요양공동생활가정","노인의료복지시설","자치구","윤소정","1126000000","중랑구","서울특별시 중랑구 망우로 171, 4층 (중화동)","9","9","07045437367","131600"
"행복가득요양원","G3503","(노인) 노인요양시설","노인의료복지시설","자치구","조미정","1141000000","서대문구","서울특별시 서대문구 거북골로 202-2 (북가좌동)","25","20","023035959","03681"
"한마음실버빌","G3525","(노인) 노인요양공동생활가정","노인의료복지시설","자치구","조훈원","1168000000","강남구","서울특별시 강남구 논현로12길 19-4, 2~3층 (개포동)","9","9","025770091","06312"
"장수노인요양공동생활가정","G3536","(노인) 노인요양공동생활가정","노인의료복지시설","자치구","장미영","1141000000","서대문구","서울특별시 서대문구 응암로 145 (북가좌동)","9","9","023523520","120650"
"경동노인요양원2","G3567","(노인) 노인요양공동생활가정","노인의료복지시설","자치구","조현","1123000000","동대문구","서울특별시 동대문구 약령시로 122-5, 1~3층 (제기동)","9","8","029622262","130650"
"경동노인요양원","G3568","(노인) 노인요양공동생활가정","노인의료복지시설","자치구","윤용암","1123000000","동대문구","서울특별시 동대문구 약령시로 122-5, 4~6층 (제기동)","9","0","029622262","130650"
"시니어실버타운2","G3570","(노인) 노인요양공동생활가정","노인의료복지시설","자치구","김종선","1154500000","금천구","서울특별시 금천구 독산로 217, 5층 (독산동)","9","9","028028020","08542"
"시니어실버타운1","G3571","(노인) 노인요양공동생활가정","노인의료복지시설","자치구","박행란","1154500000","금천구","서울특별시 금천구 독산로217, 4층 (독산동)","9","9","028028020","08542"
"러빙케어","G3646","(노인) 노인요양시설","노인의료복지시설","자치구","이대석","1135000000","노원구","서울특별시 노원구 상계로1길 54-4, 207, 307호 (상계동, 상계동센트럴타워)","28","28","029398300","01693"
"사랑재활요양원3호점","G3658","(노인) 노인요양공동생활가정","노인의료복지시설","자치구","정금숙","1132000000","도봉구","서울특별시 도봉구 덕릉로59아길 54 (창동, 이순빌딩 3,4층)","9","9","029003882","01464"
"서울행복한요양원","G3682","(노인) 노인요양공동생활가정","노인의료복지시설","자치구","이상엽","1132000000","도봉구","서울특별시 도봉구 마들로 664-11, 601호 (도봉동)","9","9","029060599","01330"
"나은요양원","G3693","(노인) 노인요양시설","노인의료복지시설","자치구","구영회","1162000000","관악구","서울특별시 관악구 호암로 401, 5층 (신림동)","13","11","028567339","08848"
"길재활요양원","G3761","(노인) 노인요양시설","노인의료복지시설","자치구","한진섭","1130500000","강북구","서울특별시 강북구 인수봉로 225 (수유동)","71","50","029926993","01022"
"정진요양원","G3775","(노인) 노인요양시설","노인의료복지시설","자치구","김진환","1129000000","성북구","서울특별시 성북구 서경로 110, 2-5층 (정릉동, 정진빌딩)","68","36","02-943-4272","136600"
"광진늘푸른요양원","G3778","(노인) 노인요양공동생활가정","노인의료복지시설","자치구","이화재","1121500000","광진구","서울특별시 광진구 뚝섬로 613, 6층 (자양동)","9","9","024447171","143607"
"효림요양원","G3781","(노인) 노인요양공동생활가정","노인의료복지시설","자치구","박혜진","1123000000","동대문구","서울특별시 동대문구 고산자로 476, 3층 (제기동)","9","9","029623009","02571"
"경동효림요양원","G3783","(노인) 노인요양공동생활가정","노인의료복지시설","자치구","이서주","1123000000","동대문구","서울특별시 동대문구 고산자로 476, 4층 (제기동)","9","0","029633011","02571"
"하나요양원","G3809","(노인) 노인요양시설","노인의료복지시설","자치구","이지영","1154500000","금천구","서울특별시 금천구 시흥대로153길 99, 4,7,8층 (가산동)","49","49","02-866-6690","153600"
"정원실버요양원 2호점","G3817","(노인) 노인요양공동생활가정","노인의료복지시설","자치구","배성희","1174000000","강동구","서울특별시 강동구 양재대로124길 41, 3층 (길동, 성원빌딩)","9","9","024701725","05302"
"정원실버요양원","G3818","(노인) 노인요양공동생활가정","노인의료복지시설","자치구","조순이","1174000000","강동구","서울특별시 강동구 양재대로124길 41, 4층 (길동)","9","9","024701723","05302"
"올리사랑 요양원","G3850","(노인) 노인요양시설","노인의료복지시설","자치구","백승권","1147000000","양천구","서울특별시 양천구 신월로 191 (신월동, 정세빌딩 3.4.5 층)","24","24","0226029620","158600"
"정릉노인요양원","G3865","(노인) 노인요양시설","노인의료복지시설","자치구","윤고은","1129000000","성북구","서울특별시 성북구 정릉로12길 69 (정릉동)","44","44","0262433000","136600"
"나눔요양원","G3925","(노인) 노인요양공동생활가정","노인의료복지시설","자치구","박형배","1162000000","관악구","서울특별시 관악구 남부순환로 1468-0 (신림동)1468, 4층 (신림동)","9","9","028566757","08771"
"효사랑요양원","G3941","(노인) 노인요양공동생활가정","노인의료복지시설","자치구","오승환","1162000000","관악구","서울특별시 관악구 관악로 111, 3층 (봉천동)","9","9","028821592","151600"
"신림요양원","G4050","(노인) 노인요양공동생활가정","노인의료복지시설","자치구","심우경","1162000000","관악구","서울특별시 관악구 난곡로 272, 2층 (신림동)","9","9","028575882","151600"
"동대문효림요양원","G4067","(노인) 노인요양공동생활가정","노인의료복지시설","자치구","박영주","1123000000","동대문구","서울특별시 동대문구 고산자로 476, 3층 (제기동)","9","9","029623009","02571"
"제기동효림요양원","G4068","(노인) 노인요양공동생활가정","노인의료복지시설","자치구","이희주","1123000000","동대문구","서울특별시 동대문구 고산자로 476, 4층 (제기동)","9","7","029633011","02571"
"서울팔팔요양원","G4072","(노인) 노인요양공동생활가정","노인의료복지시설","자치구","이춘숙","1123000000","동대문구","서울특별시 동대문구 고산자로 476, 5층 (제기동)","9","4","029598800","02571"
"서울백세요양원","G4073","(노인) 노인요양공동생활가정","노인의료복지시설","자치구","조진영","1123000000","동대문구","서울특별시 동대문구 고산자로 476, 5층 (제기동)","9","2","029598800","02571"
"그린케어요양센터","G4166","(노인) 노인요양시설","노인의료복지시설","자치구","김은자","1153000000","구로구","서울특별시 구로구 중앙로 60, 6,7층 (고척동, 강산메디칼프라자)","42","42","023332510","08223"
"노원행복한요양원","G4168","(노인) 노인요양공동생활가정","노인의료복지시설","자치구","임계남","1135000000","노원구","서울특별시 노원구 한글비석로47길 58, 4층 (상계동)","9","9","029360055","01679"
"행복한요양원","G4169","(노인) 노인요양공동생활가정","노인의료복지시설","자치구","조현자","1135000000","노원구","서울특별시 노원구 한글비석로47길 58, 3층 (상계동)","9","9","029360055","01679"
"성산100세노인요양공동생활가정 1관","G4226","(노인) 노인요양공동생활가정","노인의료복지시설","자치구","김성태","1141000000","서대문구","서울특별시 서대문구 증가로 55 (연희동)","9","3","0269569961","03702"
"금천햇살요양원","G4267","(노인) 노인요양공동생활가정","노인의료복지시설","자치구","우영선","1154500000","금천구","서울특별시 금천구 시흥대로 487, 독산1동 2층 (독산동)","9","9","02-852-5176","08530"
"강북효심요양원1","G4328","(노인) 노인요양공동생활가정","노인의료복지시설","자치구","정은경","1130500000","강북구","서울특별시 강북구 삼양로77가길 9, 4층 (수유동)","9","9","029878879","01103"
"강북효심요양원2","G4329","(노인) 노인요양공동생활가정","노인의료복지시설","자치구","김안숙","1130500000","강북구","서울특별시 강북구 삼양로77가길 9, 2,지하1층 (수유동)","9","9","029878877","01103"
"은빛사랑1","G4365","(노인) 노인요양공동생활가정","노인의료복지시설","자치구","신우재","1156000000","영등포구","서울특별시 영등포구 디지털로 392, 5층(대림동, 정성빌딩)5층 (대림동, 정성빌딩)","8","8","02-833-3116","07438"
"은빛사랑2","G4366","(노인) 노인요양공동생활가정","노인의료복지시설","자치구","고미애","1156000000","영등포구","서울특별시 영등포구 디지털로 392 (대림동. 정성빌딩)5층","8","8","02-831-0377","07438"
"은빛사랑3","G4367","(노인) 노인요양공동생활가정","노인의료복지시설","자치구","민경우","1156000000","영등포구","서울특별시 영등포구 디지털로 392, 6층 (대림동, 정성빌딩)6층 (대림동, 정성빌딩)","8","8","02-6014-0378","07438"
"가인요양원","G4406","(노인) 노인요양공동생활가정","노인의료복지시설","자치구","유영근","1130500000","강북구","서울특별시 강북구 삼양로 437, 2층 (수유동, 성아빌딩)","9","","029905556","01033"
"하늘정원 요양원","G4407","(노인) 노인요양시설","노인의료복지시설","자치구","김동미","1147000000","양천구","서울특별시 양천구 등촌로 32, 8층 (목동, 태영프라자)","36","36","07073350680","07965"
"정든요양원","G4416","(노인) 노인요양공동생활가정","노인의료복지시설","자치구","유희연","1123000000","동대문구","서울특별시 동대문구 제기로 72, 4층 (제기동)","9","9","029603490","02480"
"강북유진복지센터","G4418","(노인) 노인요양공동생활가정","노인의료복지시설","자치구","장명희","1130500000","강북구","서울특별시 강북구 삼양로77가길 9, 5층 (수유동)","9","","029828870","01103"
"노인요양시설 하늘정원실버케어","G4476","(노인) 노인요양시설","노인의료복지시설","자치구","김향미","1141000000","서대문구","서울특별시 서대문구 홍제내길48 (홍제동)","18","18","023918047","03642"
"강동힐링요양원","G4483","(노인) 노인요양시설","노인의료복지시설","자치구","정혜수","1174000000","강동구","서울특별시 강동구 천호대로 1240-9 (둔촌동)","29","29","024854701","05359"
"가온실버케어","G4487","(노인) 노인요양공동생활가정","노인의료복지시설","자치구","강정애","1138000000","은평구","서울특별시 은평구 가좌로306, 4층 (신사동)","9","9","07088333180","03452"
"가족사랑노인요양원","G4496","(노인) 노인요양공동생활가정","노인의료복지시설","자치구","강번영","1150000000","강서구","서울특별시 강서구 곰달래로 97, 2층 (화곡동, BS타운)","8","8","0226086388","07773"
"목동평강 요양원","G4509","(노인) 노인요양시설","노인의료복지시설","자치구","임재심","1147000000","양천구","서울특별시 양천구 은행정로5, 6층 (신정동, 에벤에셀프라자)","66","66","0226519945","08086"
"한마음요양원","G4517","(노인) 노인요양공동생활가정","노인의료복지시설","자치구","김진희","1168000000","강남구","서울특별시 강남구 논현로12길 19-4, 2~3층 (개포동)","9","9","025770091","06312"
"엠더블유(공생) 요양원","G4529","(노인) 노인요양공동생활가정","노인의료복지시설","자치구","장유진","1111000000","종로구","서울특별시 종로구 율곡로17길 7-38, 6층 (이화동)","8","7","02-3676-5509","03100"
"강남가정요양원4","G4592","(노인) 노인요양공동생활가정","노인의료복지시설","자치구","한동인","1154500000","금천구","서울특별시 금천구 독산로 290, 4층 (독산동)","9","9","028389993","08554"
"강남가정요양원3","G4593","(노인) 노인요양공동생활가정","노인의료복지시설","자치구","한광택","1154500000","금천구","서울특별시 금천구 독산로 290, 3층 (독산동)","9","7","028389992","08554"
"신상도요양원","G4652","(노인) 노인요양공동생활가정","노인의료복지시설","자치구","박혜순","1159000000","동작구","서울특별시 동작구 양녕로20길 108 (상도동)","9","9","02-821-9777","07038"
"소망요양원1","G4738","(노인) 노인요양공동생활가정","노인의료복지시설","자치구","김연","1153000000","구로구","서울특별시 구로구 구로동로28길 87, 2층 (구로동)","9","","028669191","08306"
"소망요양원2","G4739","(노인) 노인요양공동생활가정","노인의료복지시설","자치구","이계진","1153000000","구로구","서울특별시 구로구 구로동로28길 87, 2층 (구로동)","9","","02-866-9192","08306"
"늘푸른요양원","G4758","(노인) 노인요양시설","노인의료복지시설","자치구","남정애","1150000000","강서구","서울특별시 강서구 수명로 80, 6층, 7층 (내발산동, 베스트프라자)","23","23","0226675500","07635"
"우리엄마요양원 2호점","G4798","(노인) 노인요양공동생활가정","노인의료복지시설","자치구","김정은","1129000000","성북구","서울특별시 성북구 보문로123, 4, 2층 (보문동2가)","9","9","029213002","02871"
"성모요양원","G4819","(노인) 노인요양공동생활가정","노인의료복지시설","자치구","서민정","1135000000","노원구","서울특별시 노원구 노원로 479, 3층 (상계동)","9","9","029513004","01691"
"실버빌요양원","G4842","(노인) 노인요양시설","노인의료복지시설","자치구","김재겸","1132000000","도봉구","서울특별시 도봉구 노해로277 (창동)","78","","029955858","01428"
"KB골든라이프케어 위례 빌리지","G4859","(노인) 노인요양시설","노인의료복지시설","자치구","곽혜련","1171000000","송파구","서울특별시 송파구 위례광장로 220 (장지동)","130","130","0264124820","05849"
"사랑채요양원","G4960","(노인) 노인요양공동생활가정","노인의료복지시설","자치구","고재희","1126000000","중랑구","서울특별시 중랑구 면목로 220, 2층 (면목동, 학림빌딩)","9","9","0260819776","02255"
"늘푸른 소망요양원","G4983","(노인) 노인요양시설","노인의료복지시설","자치구","이영란","1147000000","양천구","서울특별시 양천구 지양로 29, 2,3,4층 (신월동, 오윤빌딩)","70","70","0226975387","08042"
"참존vip요양원","G5001","(노인) 노인요양시설","노인의료복지시설","자치구","유명철","1132000000","도봉구","서울특별시 도봉구 도봉로136가길 4, 4층 (창동, 창동리더스빌딩)","22","21","029968007","01401"
"(A )강동포도나무요양원 2호점","G5041","(노인) 노인요양공동생활가정","노인의료복지시설","자치구","김심명","1174000000","강동구","서울특별시 강동구 상암로 195, 2층 203호 (명일동)","8","8","024276888","05295"
"(A )강동포도나무요양원 1호점","G5042","(노인) 노인요양공동생활가정","노인의료복지시설","자치구","홍미경","1174000000","강동구","서울특별시 강동구 상암로 195, 2층 201호 (명일동)","9","9","024276888","05295"
"강동천호실버센터1호","G5045","(노인) 노인요양공동생활가정","노인의료복지시설","자치구","이유경","1174000000","강동구","서울특별시 강동구 올림픽로664, 3층 331호 (천호동, 대우 한강 베네시티)","9","9","024830707","05328"
"강동천호실버센터2호","G5047","(노인) 노인요양공동생활가정","노인의료복지시설","자치구","최지연","1174000000","강동구","서울특별시 강동구 올림픽로 664, 3층 332호 (천호동, 대우 한강 베네시티)","9","9","024830707","05328"
"늘봄요양원","G5049","(노인) 노인요양시설","노인의료복지시설","자치구","문덕흥","1135000000","노원구","서울특별시 노원구 한글비석로47길 58, 2층 (상계동)","9","9","029358889","01679"
"은평실버랜드요양원","G5167","(노인) 노인요양시설","노인의료복지시설","자치구","강대근","1138000000","은평구","서울특별시 은평구 연서로21길27-20 (갈현동)","34","34","028923388","03335"
"평화요양원","G5189","(노인) 노인요양공동생활가정","노인의료복지시설","자치구","이지택","1123000000","동대문구","서울특별시 동대문구 제기로 72, 3층 (제기동)","9","9","029653975","02480"
"당신의 의자 요양원","G5223","(노인) 노인요양시설","노인의료복지시설","자치구","전정순","1162000000","관악구","서울특별시 관악구 난곡로10길 10 (신림동)","26","25","028645400","08860"
"성산100세노인요양공동생활가정 2관","G5338","(노인) 노인요양공동생활가정","노인의료복지시설","자치구","정정희","1141000000","서대문구","서울특별시 서대문구 증가로 55 (연희동)","9","5","0269569961","03702"
"강변케어센터","G5350","(노인) 노인요양공동생활가정","노인의료복지시설","자치구","이정아","1121500000","광진구","서울특별시 광진구 구의강변로 35, 6층 (구의동)","9","9","0264057118","05115"
"강변케어센터2","G5351","(노인) 노인요양공동생활가정","노인의료복지시설","자치구","심대유","1121500000","광진구","서울특별시 광진구 구의강변로 35, 6층 (구의동)","9","9","0264057118","05115"
"기쁨과나눔노인요양원","G5402","(노인) 노인요양공동생활가정","노인의료복지시설","자치구","조병석","1132000000","도봉구","서울특별시 도봉구 도봉로137길 48, 2층 (쌍문동)","9","9","029003481","01391"
"기쁨과나눔노인요양원2호점","G5403","(노인) 노인요양공동생활가정","노인의료복지시설","자치구","오두영","1132000000","도봉구","서울특별시 도봉구 도봉로137길 48, 2층 (쌍문동)","9","9","029003482","01391"
"이삭요양원","G5409","(노인) 노인요양시설","노인의료복지시설","자치구","백남옥","1154500000","금천구","서울특별시 금천구 시흥대로 214 (시흥동)","23","23","02-806-9978","08628"
"북부성모요양원","G5453","(노인) 노인요양공동생활가정","노인의료복지시설","자치구","김지수","1130500000","강북구","서울특별시 강북구 한천로 1152 (수유동, 수유빌딩 3층)","7","","029926629","01046"
"A플러스노아재활요양원","G5487","(노인) 노인요양시설","노인의료복지시설","자치구","김세용","1132000000","도봉구","서울특별시 도봉구 마들로 649-20, 6층 (방학동, 메인프라자)","29","","029437773","01332"
"미소지움요양원","G5531","(노인) 노인요양공동생활가정","노인의료복지시설","자치구","박현정","1123000000","동대문구","서울특별시 동대문구 한천로37길 19, 3층 (답십리동, 창승빌딩)","9","9","0222441654","02535"
"난향요양원1","G5561","(노인) 노인요양공동생활가정","노인의료복지시설","자치구","김정은","1162000000","관악구","서울특별시 관악구 남부순환로 1470, 3층 (신림동)","9","","028666028","08771"
"난향요양원2","G5562","(노인) 노인요양공동생활가정","노인의료복지시설","자치구","문제숙","1162000000","관악구","서울특별시 관악구 남부순환로 1470, 4층 (신림동)","9","","028666028","08771"
"강이보이는요양원","G5713","(노인) 노인요양공동생활가정","노인의료복지시설","자치구","강요섭","1153000000","구로구","서울특별시 구로구 개봉로 4, 5층 (개봉동)","7","","0226868291","08334"
"노블레스요양원2","G5731","(노인) 노인요양공동생활가정","노인의료복지시설","자치구","김제선","1121500000","광진구","서울특별시 광진구 용마산로 105, 2층 (중곡동)","9","","024580268","04935"
"어버이사랑노인의료실버타운","G5846","(노인) 노인요양공동생활가정","노인의료복지시설","자치구","이의인","1156000000","영등포구","서울특별시 영등포구 도림로 323, 2층 203, 205호 (신길동, 건영상가)","8","","028480014","07380"
"워커힐케어센터1","G5847","(노인) 노인요양시설","노인의료복지시설","자치구","문혜진","1121500000","광진구","서울특별시 광진구 아차산로 634, 6, 7층 (광장동, 대오빌딩)","78","","024477118","04969"
"워커힐케어센터2","G5849","(노인) 노인요양시설","노인의료복지시설","자치구","진윤선","1121500000","광진구","서울특별시 광진구 아차산로 634, 5층 (광장동, 대오빌딩)","39","","024477115","04969"
"은빛요양원1","G5882","(노인) 노인요양공동생활가정","노인의료복지시설","자치구","이미자","1162000000","관악구","서울특별시 관악구 신림로 134, 4층 (신림동, 오성빌딩)","9","","028888833","08838"
"은빛요양원Ⅱ","G5883","(노인) 노인요양공동생활가정","노인의료복지시설","자치구","이연수","1162000000","관악구","서울특별시 관악구 신림로 134, 5층 (신림동, 오성빌딩)","9","","028888833","08838"
"노블레스요양원1","G5923","(노인) 노인요양공동생활가정","노인의료복지시설","자치구","홍석기","1121500000","광진구","서울특별시 광진구 용마산로 105, 3층 (중곡동, 광진빌딩)","9","","024560268","04935"
"노블레스요양원","G5963","(노인) 노인요양공동생활가정","노인의료복지시설","자치구","김경은","1135000000","노원구","서울특별시 노원구 노원로 479, 2층 (상계동)","9","9","029304329","01691"
"신림요양원2","G6034","(노인) 노인요양공동생활가정","노인의료복지시설","자치구","박경희","1162000000","관악구","서울특별시 관악구 난곡로 272, 3층 (신림동)","9","","028575882","08772"
"어버이사랑노인의료복지센터1","G6075","(노인) 노인요양공동생활가정","노인의료복지시설","자치구","강혜원","1156000000","영등포구","서울특별시 영등포구 도림로 318, 4층 (신길동)","9","","028323355","07382"
"어버이사랑노인의료복지센터2","G6077","(노인) 노인요양공동생활가정","노인의료복지시설","자치구","김현주","1156000000","영등포구","서울특별시 영등포구 도림로 318, 5층 (신길동)","9","","028323355","07382"
"조은노인요양센터","G6129","(노인) 노인요양공동생활가정","노인의료복지시설","자치구","정명자","1126000000","중랑구","서울특별시 중랑구 상봉로 7, 3층 (면목동, 서일타운)","9","","024322766","02203"
"골든시니어케어센터","G6178","(노인) 노인요양시설","노인의료복지시설","자치구","김정민","1126000000","중랑구","서울특별시 중랑구 동일로 917-4 (묵동)","94","","029733335","02005"
"강북하루정요양원","G6286","(노인) 노인요양공동생활가정","노인의료복지시설","자치구","김순재","1130500000","강북구","서울특별시 강북구 삼양로 433, 5층 (수유동)","9","","029071235","01034"
"굿모닝요양원2호점","G6357","(노인) 노인요양공동생활가정","노인의료복지시설","자치구","김순철","1132000000","도봉구","서울특별시 도봉구 도봉로 765, 4층 (도봉동)","9","","029551355","01310"
"굿모닝요양원","G6361","(노인) 노인요양공동생활가정","노인의료복지시설","자치구","최도희","1132000000","도봉구","서울특별시 도봉구 도봉로 765, 2층 (도봉동)","9","","029561357","01310"
"실비아요양원","G6403","(노인) 노인요양시설","노인의료복지시설","자치구","채봉석","1138000000","은평구","서울특별시 은평구 증산로15길 35-8, 상가11동 (신사동, 101,201,301호)","49","36","023037001","03447"
"관악실버케어","G6409","(노인) 노인요양시설","노인의료복지시설","자치구","김상희","1162000000","관악구","서울특별시 관악구 대학18길 34-7 (신림동)","17","","028753114","08820"
"명지요양원","G6420","(노인) 노인요양공동생활가정","노인의료복지시설","자치구","김정희","1162000000","관악구","서울특별시 관악구 난곡로 316, 6층 (신림동, 진성타워)","9","","028623090","08761"
"보라매요양원","G6439","(노인) 노인요양시설","노인의료복지시설","자치구","윤기훈","1153000000","구로구","서울특별시 구로구 목동남로 32 (고척동, 보광빌딩 (B1, 3,4,6,7층))","49","","02-2060-1000","08218"
"A 평화요양원","G6587","(노인) 노인요양시설","노인의료복지시설","자치구","노귀남","1126000000","중랑구","서울특별시 중랑구 중랑천로52 (면목동)","23","","024337448","02127"
"사랑요양원","G6668","(노인) 노인요양공동생활가정","노인의료복지시설","자치구","강혜란","1126000000","중랑구","서울특별시 중랑구 용마산로 494 (망우동)","9","","0222093311","02182"
"메디치피아요양센터","G6698","(노인) 노인요양시설","노인의료복지시설","자치구","이남희","1153000000","구로구","서울특별시 구로구 중앙로 10-15 (고척동)","168","","02-2067-1888","08223"
"다원실버요양원","G6700","(노인) 노인요양공동생활가정","노인의료복지시설","자치구","나윤호","1153000000","구로구","서울특별시 구로구 오리로 1289, 2층 (궁동)","9","","0226898789","08257"
"중랑삼성 요양원","G6874","(노인) 노인요양시설","노인의료복지시설","자치구","이해경","1126000000","중랑구","서울특별시 중랑구 동일로91가길 27 (면목동)","25","","024939898","02232"
"나눔요양원","G6877","(노인) 노인요양공동생활가정","노인의료복지시설","자치구","이상철","1162000000","관악구","서울특별시 관악구 남부순환로 1468, 4층 (신림동)","9","","028626757","08771"
"강북중앙요양원","G7025","(노인) 노인요양공동생활가정","노인의료복지시설","자치구","안순자","1130500000","강북구","서울특별시 강북구 도봉로 243, 3층 (미아동)","9","","029971388","01118"
"성창요양원","G7039","(노인) 노인요양공동생활가정","노인의료복지시설","자치구","김용자","1123000000","동대문구","서울특별시 동대문구 한천로37길23, 4층 (답십리동)","9","8","0233946318","02535"
"보은노인요양공동생활가정","G7238","(노인) 노인요양공동생활가정","노인의료복지시설","자치구","김태인","1123000000","동대문구","서울특별시 동대문구 한천로 213, 4층 (전농동)","9","7","0233904084","02509"
"서울케어링하우스","G7414","(노인) 노인요양시설","노인의료복지시설","자치구","정재영","1174000000","강동구","서울특별시 강동구 올림픽로 831 (암사동)","29","7","0264289088","05239"
"하루정요양센터","G7479","(노인) 노인요양공동생활가정","노인의료복지시설","자치구","이승희","1132000000","도봉구","서울특별시 도봉구 해등로17길 42, 4층 (쌍문동)","7","","029027712","01432"
"우리집요양원","G7638","(노인) 노인요양공동생활가정","노인의료복지시설","자치구","윤현승","1123000000","동대문구","서울특별시 동대문구 제기로 72, 2층 (제기동)","9","9","029653972","02480"
"삼연요양원","G7720","(노인) 노인요양공동생활가정","노인의료복지시설","자치구","김현자","1126000000","중랑구","서울특별시 중랑구 봉우재로 79, 5층 (상봉동)","9","","024357875","02139"
"존엄케어노인전문요양원","G8029","(노인) 노인요양공동생활가정","노인의료복지시설","자치구","김길수","1126000000","중랑구","서울특별시 중랑구 용마산로51길 1, 2층 (면목동)","9","","02-491-0174","02249"
"사랑가득요양원1호","G8040","(노인) 노인요양공동생활가정","노인의료복지시설","자치구","박찬형","1138000000","은평구","서울특별시 은평구 수색로14길 5-3, 5층 (수색동)","9","","023051868","03502"
"사랑가득요양원2호","G8041","(노인) 노인요양공동생활가정","노인의료복지시설","자치구","안명자","1138000000","은평구","서울특별시 은평구 수색로14길 5-3, 6층 (수색동)","9","","023051868","03502"
"참햇살요양원","G8069","(노인) 노인요양공동생활가정","노인의료복지시설","자치구","최명숙","1130500000","강북구","서울특별시 강북구 도봉로403, 2층 (수유동)","9","","029003879","01055"
"햇살요양원","G8082","(노인) 노인요양공동생활가정","노인의료복지시설","자치구","전은주","1130500000","강북구","서울특별시 강북구 도봉로 403, 3층 (수유동)","9","","029003878","01055"
"늘푸른요양원","G8126","(노인) 노인요양공동생활가정","노인의료복지시설","자치구","안은주","1129000000","성북구","서울특별시 성북구 장월로1길60 (상월곡동)","","","029152556","02748"
"섬기는 실버하우스 요양원","G8170","(노인) 노인요양시설","노인의료복지시설","자치구","이명애","1154500000","금천구","서울특별시 금천구 시흥대로 214, 11층 (시흥동)","23","","028910110","08628"
"광진늘푸른요양원","G8201","(노인) 노인요양공동생활가정","노인의료복지시설","자치구","박종일","1121500000","광진구","서울특별시 광진구 뚝섬로 613-1, 6층 (자양동)","9","","024447171","05063"
"성북힐요양원","G8273","(노인) 노인요양시설","노인의료복지시설","자치구","윤민정","1129000000","성북구","서울특별시 성북구 성북로31가길 21 (성북동)","","","0236755878","02878"
"TOP동그라미요양원","G8288","(노인) 노인요양시설","노인의료복지시설","자치구","조양희","1132000000","도봉구","서울특별시 도봉구 마들로649-20, 7층 (방학동, 메인프라자)","26","","029568777","01332"
"서울조은요양원","G8421","(노인) 노인요양시설","노인의료복지시설","자치구","김영숙","1154500000","금천구","서울특별시 금천구 시흥대로152길 11-43, 2층 (독산동)","48","","028300101","08536"
"백련실버케어","G8781","(노인) 노인요양공동생활가정","노인의료복지시설","자치구","최수영","1138000000","은평구","서울특별시 은평구 가좌로 306, 4층 (신사동)","9","","023043667","03452"
"한마음요양원","G8817","(노인) 노인요양공동생활가정","노인의료복지시설","자치구","김진희","1168000000","강남구","서울특별시 강남구 논현로12길 19-4, 2~3층 (개포동)","9","","025770091","06312"
"맑은샘요양원","G9039","(노인) 노인요양공동생활가정","노인의료복지시설","자치구","이지은","1123000000","동대문구","서울특별시 동대문구 한천로37길 19, 2층 (답십리동)","9","","0222442552","02535"
"난향요양원1","G9058","(노인) 노인요양공동생활가정","노인의료복지시설","자치구","이가범","1162000000","관악구","서울특별시 관악구 남부순환로1470, 3층 (신림동)","9","","028666021","08771"
"난향요양원2","G9060","(노인) 노인요양공동생활가정","노인의료복지시설","자치구","박찬영","1162000000","관악구","서울특별시 관악구 남부순환로 1470, 4층 (신림동)","9","","028666022","08771"
"백영실버스테이","G9172","(노인) 노인요양시설","노인의료복지시설","자치구","김재영","1150000000","강서구","서울특별시 강서구 금낭화로135, 7층 701호 (방화동, 금강프라자)","45","","0226636090","07510"
"장원서울요양원","G9254","(노인) 노인요양시설","노인의료복지시설","자치구","유수원","1126000000","중랑구","서울특별시 중랑구 용마공원로2길 12 (망우동)","48","","024366900","02182"
"봄날요양원","G9379","(노인) 노인요양시설","노인의료복지시설","자치구","노진수","1171000000","송파구","서울특별시 송파구 마천로 96 (오금동)","11","","024009091","05660"
"새솔요양원","G9498","(노인) 노인요양공동생활가정","노인의료복지시설","자치구","손필순","1126000000","중랑구","서울특별시 중랑구 봉우재로 79, 5층 (상봉동)","9","","024333439","02139"
"KB골든라이프케어 서초 빌리지","G9863","(노인) 노인요양시설","노인의료복지시설","자치구","이미숙","1165000000","서초구","서울특별시 서초구 형촌2길 33 (우면동)","80","","0262844000","06765"
"서울실버케어노인요양원","J0497","(노인) 노인요양시설","노인의료복지시설","자치구","김정분","1135000000","노원구","서울특별시 노원구 한글비석로44길 312층,3층 (상계동)","45","45","029314450","01666"
"동우너싱홈","J1296","(노인) 노인요양공동생활가정","노인의료복지시설","자치구","이해성","1126000000","중랑구","서울특별시 중랑구 망우로 422 ","9","9","024355428","02164"
"베스트그린요양원1호점","J2235","(노인) 노인요양공동생활가정","노인의료복지시설","자치구","김영일","1126000000","중랑구","서울특별시 중랑구 동일로 789그린프라자 6층","9","9","024381601","02102"
"은평효실버요양원","J2247","(노인) 노인요양시설","노인의료복지시설","자치구","박찬식","1138000000","은평구","서울특별시 은평구 연서로 17(역촌동)","22","21","023831001","03421"
"두레노인요양원","J2254","(노인) 노인요양공동생활가정","노인의료복지시설","자치구","이병기","1126000000","중랑구","서울특별시 중랑구 신내로 45해성빌딩 701호","9","9","0222077500","02085"
"송파그린요양원","J3203","(노인) 노인요양공동생활가정","노인의료복지시설","자치구","김광섭","1171000000","송파구","서울특별시 송파구 성내천로 208신안빌딩 3층","9","9","024084070","05753"
"장생시니어타운","J4003","(노인) 노인요양시설","노인의료복지시설","자치구","손숙영","1165000000","서초구","서울특별시 서초구 강남대로89길 10 (반포동 707-9)","45","45","025499331","06535"
"행복드림요양원","J5102","(노인) 노인요양시설","노인의료복지시설","자치구","김성자","1132000000","도봉구","서울특별시 도봉구 도봉로154길 23신성빌딩 3층","25","25","029008329","01328"
"은빛노인요양공동생활가정2","J5152","(노인) 노인요양공동생활가정","노인의료복지시설","자치구","강정순","1171000000","송파구","서울특별시 송파구 거마로 99","9","9","024021005","138817"
"워커힐실버타운","J6228","(노인) 노인요양시설","노인의료복지시설","자치구","최숙","1121500000","광진구","서울특별시 광진구 워커힐로 93 (구의동)","122","122","02-446-8911","04958"
"노원사랑요양원4","J6599","(노인) 노인요양공동생활가정","노인의료복지시설","자치구","김은화","1135000000","노원구","서울특별시 노원구 동일로174길 44202호","9","9","029772497","01849"
"효담요양원","J6871","(노인) 노인요양공동생활가정","노인의료복지시설","자치구","장현아","1147000000","양천구","서울특별시 양천구 오목로 624층 (신월동)","7","7","0226951903","08028"
"포도나무실버타운4호점","J6872","(노인) 노인요양공동생활가정","노인의료복지시설","자치구","현나영","1171000000","송파구","서울특별시 송파구 가락로 25층","7","7","024201286","05693"
"포도나무실버타운3호점","J6874","(노인) 노인요양공동생활가정","노인의료복지시설","자치구","남명숙","1171000000","송파구","서울특별시 송파구 가락로 25층","9","9","02-413-1147","05693"
"명성노인복지센터","J7298","(노인) 노인요양공동생활가정","노인의료복지시설","자치구","노희선","1129000000","성북구","서울특별시 성북구 보국문로4길 8","9","10","02-915-2335","02718"
"광진원광실버센터","J7702","(노인) 노인요양시설","노인의료복지시설","자치구","이종원","1121500000","광진구","서울특별시 광진구 아차산로63길 35 (구의동)","15","15","07070119132","05036"
"늘푸른요양원","J7851","(노인) 노인요양공동생활가정","노인의료복지시설","자치구","박순자","1126000000","중랑구","서울특별시 중랑구 용마산로 488유진빌딩 4층","9","9","029720410","02182"
"예덕효요양원","J7864","(노인) 노인요양공동생활가정","노인의료복지시설","자치구","정광호","1147000000","양천구","서울특별시 양천구 중앙로232, 3층 (신정동)","9","9","0226479620","08091"
"정다운요양원","J7968","(노인) 노인요양시설","노인의료복지시설","자치구","한미경","1147000000","양천구","서울특별시 양천구 오목로 208 (신정동)","36","29","02-2603-6566","08021"
"두레노인요양원B","J8201","(노인) 노인요양공동생활가정","노인의료복지시설","자치구","김현정","1126000000","중랑구","서울특별시 중랑구 신내로 45해성빌딩 6층","9","9","028690675","02085"
"벧엘의집 요양원2","J8417","(노인) 노인요양공동생활가정","노인의료복지시설","자치구","박종성","1162000000","관악구","서울특별시 관악구 미성동96, 2층 (신림동, 미성빌딩)","9","9","028564382","151906"
"서울숲재활요양원","J8430","(노인) 노인요양공동생활가정","노인의료복지시설","자치구","신미희","1120000000","성동구","서울특별시 성동구 뚝섬로 401-23층 (성수동2가)","9","9","02-2293-7227","04784"
"번동노인요양원","J8607","(노인) 노인요양공동생활가정","노인의료복지시설","자치구","김명화","1130500000","강북구","서울특별시 강북구 한천로105길24, 202동 2층 (번동)","9","9","029876827","01229"
"성신노인요양원","J8676","(노인) 노인요양시설","노인의료복지시설","자치구","권장혁","1129000000","성북구","서울특별시 성북구 동소문로13나길 110 (동소문동7가)","49","23","029298538","02830"
"늘편한요양센터","J8710","(노인) 노인요양공동생활가정","노인의료복지시설","자치구","최동혁","1174000000","강동구","서울특별시 강동구 구천면로318, 4층 (천호동)","9","9","02)475-3035","05309"
"구립중구노인요양센터","J8714","(노인) 노인요양시설","노인의료복지시설","자치구","전미애","1114000000","중구","서울특별시 중구 필동로 96 (장충동2가)","60","60","0222773456","04622"
"송파그린요양원2","J8840","(노인) 노인요양공동생활가정","노인의료복지시설","자치구","김희주","1171000000","송파구","서울특별시 송파구 성내천로 208신안빌딩 2층","9","9","024084070","05753"
"연희시니어스","J8879","(노인) 노인요양시설","노인의료복지시설","자치구","김현주","1141000000","서대문구","서울특별시 서대문구 연희로31길 8-7 (연희동)","49","49","023220072","03696"
"행복요양원3","J8900","(노인) 노인요양공동생활가정","노인의료복지시설","자치구","김다원","1153000000","구로구","서울특별시 구로구 경인로23길 86층 (오류동)(오류동)","8","8","0236665511","08268"
"행복요양원2","J8901","(노인) 노인요양공동생활가정","노인의료복지시설","자치구","임문선","1153000000","구로구","서울특별시 구로구 경인로23길 86층 (오류동)(오류동)","9","9","0236665511","08268"
"써니요양원","J8913","(노인) 노인요양시설","노인의료복지시설","자치구","김정훈","1138000000","은평구","서울특별시 은평구 증산로15길 26 (신사동)","38","35","023052385","03448"
"동그라미요양센터1호점","J9361","(노인) 노인요양공동생활가정","노인의료복지시설","자치구","박동균","1132000000","도봉구","서울특별시 도봉구 쌍문동103, 4층 (쌍문동, 춘광빌딩)","9","","029897582","132030"
"황금나무너싱홈","J9465","(노인) 노인요양공동생활가정","노인의료복지시설","자치구","김소연","1174000000","강동구","서울특별시 강동구 고덕로27길33-27, 101호 (암사동)","9","9","024289987","134600"
"명지요양센터","J9480","(노인) 노인요양공동생활가정","노인의료복지시설","자치구","이병란","1162000000","관악구","서울특별시 관악구 난곡로316, 6층 (신림동, 진성타워(신사동))","9","9","028780890","08761"
"동부실버케어요양원","J9485","(노인) 노인요양공동생활가정","노인의료복지시설","자치구","김누리","1121500000","광진구","서울특별시 광진구 자양번영로 343층 (자양동)","9","9","024446188","05098"
"대한연세요양원","J9547","(노인) 노인요양시설","노인의료복지시설","자치구","정화철","1174000000","강동구","서울특별시 강동구 고덕로 421 (강일동)","132","129","024261000","05217"
"우리요양원","J9944","(노인) 노인요양공동생활가정","노인의료복지시설","자치구","박도연","1154500000","금천구","서울특별시 금천구 시흥대로 426-0426, 영진빌딩 7층(독산동)","9","9","02-859-6690","08545"
"너싱홈돌봄과간호2","M0008","(노인) 노인요양공동생활가정","노인의료복지시설","자치구","정숙이","1135000000","노원구","서울특별시 노원구 동일로 1550고려프라자 601호","9","9","029313657","01674"
"너싱홈돌봄과간호1","M0009","(노인) 노인요양공동생활가정","노인의료복지시설","자치구","채미애","1135000000","노원구","서울특별시 노원구 동일로 1550고려프라자 604호","9","9","029313657","01674"
"참존요양원","M0089","(노인) 노인요양시설","노인의료복지시설","자치구","김미경","1132000000","도봉구","서울특별시 도봉구 도봉로136가길4창동리더스빌딩6층","48","","029968004","01401"
"흰돌장기요양센터3호점","M0345","(노인) 노인요양공동생활가정","노인의료복지시설","자치구","김희순","1174000000","강동구","서울특별시 강동구 구천면로323, 5층 (암사동, 개나리프라자)","9","9","024816562","05265"
"흰돌장기요양센터2호점","M0346","(노인) 노인요양공동생활가정","노인의료복지시설","자치구","강미숙","1174000000","강동구","서울특별시 강동구 구천면로323, 6층 (암사동, 개나리프라자)","9","9","024816562","05265"
"강북실버종합복지센터","M0394","(노인) 노인요양시설","노인의료복지시설","자치구","전명우","1130500000","강북구","서울특별시 강북구 오패산로 290 (미아동)","112","112","02-984-0300","01141"
"노원요양복지원","M0414","(노인) 노인요양시설","노인의료복지시설","자치구","동인봉","1135000000","노원구","서울특별시 노원구 노원로 464 (상계동)","45","43","029380001","01684"
"동그라미요양센터2호점","M0416","(노인) 노인요양공동생활가정","노인의료복지시설","자치구","조양희","1132000000","도봉구","서울특별시 도봉구 쌍문동103, 3층 (쌍문동, 춘광빌딩)","9","9","029897582","01448"
"은빛노인요양공동생활가정3","M0428","(노인) 노인요양공동생활가정","노인의료복지시설","자치구","강정숙","1171000000","송파구","서울특별시 송파구 거마로 991, 6층","9","9","024021005","05732"
"수실버노인요양센터","M0432","(노인) 노인요양공동생활가정","노인의료복지시설","자치구","유지원","1171000000","송파구","서울특별시 송파구 성내천로212, 4층 (마천동)","9","9","02-448-8400","05752"
"케어콜실버센터","M0455","(노인) 노인요양공동생활가정","노인의료복지시설","자치구","정명주","1150000000","강서구","서울특별시 강서구 강서로5나길 745층","9","9","0226928888","07776"
"희망요양원","M0479","(노인) 노인요양시설","노인의료복지시설","자치구","장효선","1132000000","도봉구","서울특별시 도봉구 덕릉로59길 20 (창동)","28","28","029022626","01469"
"에덴요양원","M0492","(노인) 노인요양공동생활가정","노인의료복지시설","자치구","박영란","1162000000","관악구","서울특별시 관악구 조원로16길33, 4층 401호 (신림동, 중앙빌딩)","9","9","028664801","08767"
"서울여자간호대학교 휴먼캐슬","M0498","(노인) 노인요양시설","노인의료복지시설","자치구","유무형","1111000000","종로구","서울특별시 종로구 평창길 318 (평창동)","38","38","070-4919-7057","03004"
"요안나요양원","M0574","(노인) 노인요양시설","노인의료복지시설","자치구","오명자","1150000000","강서구","서울특별시 강서구 화곡로 254","87","87","0226946699","07678"
"민영요양센터2","M0600","(노인) 노인요양공동생활가정","노인의료복지시설","자치구","조은숙","1130500000","강북구","서울특별시 강북구 삼양로184, 5층 (미아동, 유유빌딩))","9","9","029877600","01174"
"면목요양원","M0605","(노인) 노인요양공동생활가정","노인의료복지시설","자치구","김원길","1126000000","중랑구","서울특별시 중랑구 면목동61, 3층 (면목동)","9","9","0222938198","02208"
"설화요양원","M0634","(노인) 노인요양공동생활가정","노인의료복지시설","자치구","김진숙","1144000000","마포구","서울특별시 마포구 만리재로 115송희빌딩 6층 (공덕동)","9","9","02-703-5540","04208"
"예원요양원2호점","M0640","(노인) 노인요양공동생활가정","노인의료복지시설","자치구","백미영","1126000000","중랑구","서울특별시 중랑구 용마산로 554동화빌딩 2층","9","9","024331221","02059"
"다복공동생활가정","M0651","(노인) 노인요양공동생활가정","노인의료복지시설","자치구","조용일","1150000000","강서구","서울특별시 강서구 화곡로 225-0225, 4층 (화곡동)","8","8","02-2605-5976","07695"
"늘편한요양원","M0719","(노인) 노인요양공동생활가정","노인의료복지시설","자치구","정해월","1174000000","강동구","서울특별시 강동구 천호1동318, 3층 (천호동, 성산빌딩)","9","8","024743033","05243"
"효원노인복지센터D","M1012","(노인) 노인요양공동생활가정","노인의료복지시설","자치구","이지현","1126000000","중랑구","서울특별시 중랑구 상봉1동12 (상봉동, 세광빌딩4층)","9","9","024380606","02044"
"효원노인복지센터C","M1013","(노인) 노인요양공동생활가정","노인의료복지시설","자치구","김연하","1126000000","중랑구","서울특별시 중랑구 상봉1동12 (상봉동, 세광빌딩4층)","9","9","024380606","02044"
"효원노인복지센터B","M1014","(노인) 노인요양공동생활가정","노인의료복지시설","자치구","심향유","1126000000","중랑구","서울특별시 중랑구 상봉1동12 (상봉동, 세광빌딩3층)","9","9","024380606","02044"
"강남한보리전문요양원","M1052","(노인) 노인요양시설","노인의료복지시설","자치구","박금주","1162000000","관악구","서울특별시 관악구 남부순환로 1529-1 (신림동)","53","51","028615050","08762"
"마추미실버케어응암점","M1144","(노인) 노인요양시설","노인의료복지시설","자치구","김미섭","1138000000","은평구","서울특별시 은평구 응암로13길11-7 (응암동, 메트로타워 3층,4층,5층,10층.11층)","115","54","023022282","03485"
"길요양원","M1147","(노인) 노인요양시설","노인의료복지시설","자치구","최상규","1135000000","노원구","서울특별시 노원구 한글비석로15길 48현대종합상가 4층 (중계동)","80","73","029396993","01701"
"가족사랑1","M1161","(노인) 노인요양공동생활가정","노인의료복지시설","자치구","이경희","1156000000","영등포구","서울특별시 영등포구 도신로204, 4층 (신길동)","9","9","02-846-0722","07348"
"가족사랑2","M1162","(노인) 노인요양공동생활가정","노인의료복지시설","자치구","최옥자","1156000000","영등포구","서울특별시 영등포구 도신로204, 3층 (신길동)","8","8","02-844-0722","07348"
"봄날강서요양원","M1182","(노인) 노인요양시설","노인의료복지시설","자치구","원대섭","1150000000","강서구","서울특별시 강서구 양천로11길 15-11(방화동)","37","33","02-2661-6600","07516"
"맑은공동생활가정","M1276","(노인) 노인요양공동생활가정","노인의료복지시설","자치구","신일규","1150000000","강서구","서울특별시 강서구 화곡로225, 6층 (화곡동)","8","8","0236642012","07695"
"수노인요양공동생활가정1호점","M1306","(노인) 노인요양공동생활가정","노인의료복지시설","자치구","변재옥","1132000000","도봉구","서울특별시 도봉구 방학1동  도봉구청80, 5층 (방학동)","9","9","0234946786","01331"
"은혜요양원","M1461","(노인) 노인요양공동생활가정","노인의료복지시설","자치구","임민경","1174000000","강동구","서울특별시 강동구 양재대로124길41 (길동)   2층","9","9","02-481-3038","05302"
"다복요양원","P0016","(노인) 노인요양공동생활가정","노인의료복지시설","자치구","조용일","1150000000","강서구","서울특별시 강서구 화곡로 225, 4층 (화곡동, 두산빌딩)","9","","0226055976","07695"
"동작요양원","P0025","(노인) 노인요양시설","노인의료복지시설","자치구","안규욱","1159000000","동작구","서울특별시 동작구 여의대방로22카길 34 (신대방동)","33","","0220886234","07059"
"존엄케어노인전문요양원","P0086","(노인) 노인요양공동생활가정","노인의료복지시설","자치구","유현미","1126000000","중랑구","서울특별시 중랑구 용마산로51길 1, 2층 (면목동)","9","","024910174","02249"
"노아 케어링하우스","P0451","(노인) 노인요양시설","노인의료복지시설","자치구","김원경","1144000000","마포구","서울특별시 마포구 숭문6길 12 (염리동)","25","","027177474","04135"
"참존요양원","P0636","(노인) 노인요양시설","노인의료복지시설","자치구","김미연","1132000000","도봉구","서울특별시 도봉구 도봉로136가길 4, 6층 601호 (창동)","29","","029968004","01401"
"*(ABC)우림요양센터","P0707","(노인) 노인요양공동생활가정","노인의료복지시설","자치구","김성순","1126000000","중랑구","서울특별시 중랑구 용마산로494, 5층 (망우동)","9","","029487701","02182"
"늘푸른요양원","P0794","(노인) 노인요양공동생활가정","노인의료복지시설","자치구","이건우","1126000000","중랑구","서울특별시 중랑구 용마산로 488, 4층 (망우동)","9","","029720410","02182"
"벨포레스트","P0800","(노인) 노인요양시설","노인의료복지시설","자치구","김현주","1174000000","강동구","서울특별시 강동구 고덕로 463 (강일동)","84","","01020433113","05216"
"늘푸른요양원 2호점","P0805","(노인) 노인요양공동생활가정","노인의료복지시설","자치구","정영미","1126000000","중랑구","서울특별시 중랑구 용마산로488, 3층 (망우동)","9","","024320410","02182"
"사랑과섬김요양원","P1155","(노인) 노인요양공동생활가정","노인의료복지시설","자치구","고계자","1135000000","노원구","서울특별시 노원구 한글비석로 422, 5층 (상계동)","9","","029301288","01668"
"더 프라임 요양원","P1274","(노인) 노인요양시설","노인의료복지시설","자치구","이은숙","1129000000","성북구","서울특별시 성북구 종암로9길78 (종암동)","49","","029282002","02810"
"신림요양원 1","P1288","(노인) 노인요양공동생활가정","노인의료복지시설","자치구","맹미영","1162000000","관악구","서울특별시 관악구 난곡로 272 (신림동)","9","","028575882","08772"
"신림요양원 2","P1331","(노인) 노인요양공동생활가정","노인의료복지시설","자치구","김현동","1162000000","관악구","서울특별시 관악구 난곡로 272, 3층 (신림동)","9","","028575882","08772"
"강남 성은실버케어스","P1387","(노인) 노인요양시설","노인의료복지시설","자치구","김정숙","1168000000","강남구","서울특별시 강남구 논현로 88 (개포동)","29","","0260847800","06307"
"해든케어스요양원","P1516","(노인) 노인요양시설","노인의료복지시설","자치구","유혜영","1141000000","서대문구","서울특별시 서대문구 연희로 237, 지1,4~7층 (연희동)","28","","0232178003","03660"
"가락사랑요양원","P1822","(노인) 노인요양공동생활가정","노인의료복지시설","자치구","손필순","1171000000","송파구","서울특별시 송파구 오금로36길 57, 3층 (가락동)","9","","024030311","05714"
"가족사랑요양원","P1826","(노인) 노인요양공동생활가정","노인의료복지시설","자치구","안유미","1171000000","송파구","서울특별시 송파구 오금로36길 57, 2층 (가락동)","9","","024030311","05714"
"벧엘의집요양원","P1977","(노인) 노인요양공동생활가정","노인의료복지시설","자치구","이화진","1162000000","관악구","서울특별시 관악구 문성로96, 3층 (신림동)","9","","028564382","08864"
"벧엘의집요양원2","P1978","(노인) 노인요양공동생활가정","노인의료복지시설","자치구","박종성","1162000000","관악구","서울특별시 관악구 문성로 96, 2층 (신림동)","9","","028564382","08864"
"효사랑요양원","P2067","(노인) 노인요양공동생활가정","노인의료복지시설","자치구","박혜선","1162000000","관악구","서울특별시 관악구 관악로 111, 3층 (봉천동)","9","","028821592","08833"
"한솔요양원","P2321","(노인) 노인요양시설","노인의료복지시설","자치구","오지모","1150000000","강서구","서울특별시 강서구 수명로 82, 9층 (내발산동, 발산로얄타워)","20","","0269520405","07635"
"밝은햇살요양원","P2503","(노인) 노인요양공동생활가정","노인의료복지시설","자치구","이승옥","1150000000","강서구","서울특별시 강서구 강서로29길 38, 1층 (화곡동)","9","","0226080410","07716"
"강동천호실버센터1호","P2774","(노인) 노인요양공동생활가정","노인의료복지시설","자치구","변정현","1174000000","강동구","서울특별시 강동구 올림픽로 664, 331호 (천호동, 대우 한강 베네시티)","9","","024830707","05328"
"강동천호실버센터2호","P2776","(노인) 노인요양공동생활가정","노인의료복지시설","자치구","정영란","1174000000","강동구","서울특별시 강동구 올림픽로 664, 332호 (천호동, 대우 한강 베네시티)","9","","024830707","05328"
"보은요양원","P2817","(노인) 노인요양공동생활가정","노인의료복지시설","자치구","김태인","1123000000","동대문구","서울특별시 동대문구 한천로213, 4층 (전농동)","9","","0233904084","02509"
"소망요양원","P2820","(노인) 노인요양공동생활가정","노인의료복지시설","자치구","김성희","1123000000","동대문구","서울특별시 동대문구 한천로37길19, 4층 (답십리동)","9","","0222487533","02535"
"경동노인요양원","P2837","(노인) 노인요양공동생활가정","노인의료복지시설","자치구","권현석","1123000000","동대문구","서울특별시 동대문구 약령시로 122-5, 4~6층 (제기동)","9","","029622262","02573"
"경동노인요양원2","P2843","(노인) 노인요양공동생활가정","노인의료복지시설","자치구","조현","1123000000","동대문구","서울특별시 동대문구 약령시로 122-5, 1~3층 (제기동)","9","","029622262","02573"
"사랑가득요양원1호","P2862","(노인) 노인요양공동생활가정","노인의료복지시설","자치구","강인순","1138000000","은평구","서울특별시 은평구 수색로14길5-3, 5층 (수색동)","9","","023051868","03502"
"사랑가득요양원2호","P2866","(노인) 노인요양공동생활가정","노인의료복지시설","자치구","김경진","1138000000","은평구","서울특별시 은평구 수색로14길5-3, 6층 (수색동)","9","","023051868","03502"
"홍릉요양원","P2913","(노인) 노인요양공동생활가정","노인의료복지시설","자치구","박경연","1123000000","동대문구","서울특별시 동대문구 제기로 72, 5층 (제기동)","9","","029603460","02480"
"서울특별시립마포실버케어센터","P3002","(노인) 노인요양시설","노인의료복지시설","자치구","황치영","1144000000","마포구","서울특별시 마포구 백범로31길 21 (공덕동)","46","","0263925005","04147"
"강남가정요양원 3","P3078","(노인) 노인요양공동생활가정","노인의료복지시설","자치구","김민철","1154500000","금천구","서울특별시 금천구 독산로 290, 3층 (독산동)","9","","028389993","08554"
"강남가정요양원 4","P3079","(노인) 노인요양공동생활가정","노인의료복지시설","자치구","한지헌","1154500000","금천구","서울특별시 금천구 독산로 290, 4층 (독산동)","9","","028389993","08554"
"노블레스요양원","P3093","(노인) 노인요양공동생활가정","노인의료복지시설","자치구","김이엘","1135000000","노원구","서울특별시 노원구 노원로 479, 2층 (상계동)","9","","029314320","01691"
"중곡요양원","P3161","(노인) 노인요양공동생활가정","노인의료복지시설","자치구","이재헌","1121500000","광진구","서울특별시 광진구 면목로 203, 3층 (중곡동)","9","","024338255","04902"
"시립동대문실버케어센터","P3209","(노인) 노인요양시설","노인의료복지시설","자치구","박왕호","1123000000","동대문구","서울특별시 동대문구 황물로 12 (답십리동)","20","","0269568650","02591"
"사랑채요양원","P3310","(노인) 노인요양공동생활가정","노인의료복지시설","자치구","고언","1126000000","중랑구","서울특별시 중랑구 면목로 220, 2층 (면목동, 학림빌딩)","9","","0260819776","02255"
"A플러스노아재활요양원","P3352","(노인) 노인요양시설","노인의료복지시설","자치구","김종화","1132000000","도봉구","서울특별시 도봉구 마들로 649-20, 6층 (방학동, 메인프라자)","29","","029557773","01332"
"송정요양원","P3412","(노인) 노인요양시설","노인의료복지시설","자치구","주매리","1120000000","성동구","서울특별시 성동구 고산자로8길 5-0 (행당동)5 (행당동)","10","","0222952220","04745"
"사랑초요양원","P3544","(노인) 노인요양시설","노인의료복지시설","자치구","조요순","1147000000","양천구","서울특별시 양천구 지양로 152 (신월동, 1층~4층)","119","","0226061190","08033"
"맑은요양원","P3578","(노인) 노인요양공동생활가정","노인의료복지시설","자치구","신일규","1150000000","강서구","서울특별시 강서구 화곡로225, 6층 (화곡동, 두산빌딩)","8","","0236642012","07695"
"예원요양원 2호점","P3605","(노인) 노인요양공동생활가정","노인의료복지시설","자치구","김동숙","1126000000","중랑구","서울특별시 중랑구 용마산로 554, 2층 (망우동)","9","","024331221","02059"
"예원요양원","P3606","(노인) 노인요양공동생활가정","노인의료복지시설","자치구","황현화","1126000000","중랑구","서울특별시 중랑구 용마산로125길 92 (신내동, 석탑아파트 101동 210호)","9","","024331221","02058"
"은미요양원","P3623","(노인) 노인요양시설","노인의료복지시설","자치구","김춘환","1159000000","동작구","서울특별시 동작구 상도로68길 1-20 (상도동, 4층)","23","","028250229","07040"
"정릉노인요양원","P3810","(노인) 노인요양시설","노인의료복지시설","자치구","조미정","1129000000","성북구","서울특별시 성북구 정릉로12길 69 (정릉동)","44","","0262433000","02812"
"강동힐링요양원","P3843","(노인) 노인요양시설","노인의료복지시설","자치구","김은경","1174000000","강동구","서울특별시 강동구 천호대로 1240-9 (둔촌동)","29","","024854701","05359"
"강서실버요양원","P3867","(노인) 노인요양공동생활가정","노인의료복지시설","자치구","김미선","1150000000","강서구","서울특별시 강서구 강서로45길 174, 4층 (내발산동, SM프라자)","9","9","0226678890","07638"
"나오미요양원","P3911","(노인) 노인요양시설","노인의료복지시설","자치구","이제숙","1150000000","강서구","서울특별시 강서구 금낭화로 135, 8층 (방화동, 금강프라자)","40","","0220885712","07510"
"메디컬요양원","P3919","(노인) 노인요양시설","노인의료복지시설","자치구","김원정","1123000000","동대문구","서울특별시 동대문구 약령시로 124, 2, 4~10층 (청량리동)","10","","0264677575","02573"