0,1,2,3,4,5,6,7,8
연번,자치구,시장명,형태,신주소(구주소),유형,전화번호,건물형(연면적),점포수(빈점포제외)
총계,서울시,369,"57,178",,,,,
소계,종로구,27,"8,646",,,,,
1,종로구,광장시장,건물형,종로구 창경궁로 88(종로구 예지동 6-1),등록,2272-0967,"18,975",482
2,종로구,동대문종합시장,건물형,종로구 종로 266(종로구 종로6가 289-42),등록,2262-0211,"61,476","3,270"
3,종로구,동대문종합시장 신관,건물형,종로구 종로272(종로구 종로6가 289-57),등록,2262-0211,"13,533",286
4,종로구,동대문종합시장D동상가,건물형,종로구 종로 266(종로구 종로6가 262-1),등록,2279-8751~2,"12,452","1,048"
5,종로구,신설종합시장,건물형,종로구 난계로27길 51(종로구 숭인동 206-9),등록,2234-7151,"1,691",141
6,종로구,종각지하쇼핑센터,지하도상가,종로구 종로 지하 73(종로구 종로2가 11-1 일대),등록,722-8970,"4,723",69
7,종로구,종오지하쇼핑센터,지하도상가,종로구 종로 지하 200(종로구 종로4가 176-1 일대),등록,"4,165",65,
8,종로구,종로4가지하쇼핑센터,지하도상가,종로구 창경궁로 지하 81(종로구 예지동 187-2 일대),인정,2275-2076,"2,997",102
9,종로구,마전교지하쇼핑센터(구한일상가),지하도상가,종로구 동호로 지하 398(종로구 종로5가 194-1 일대),인정,2269-3380,"1,210",29
10,종로구,동대문지하쇼핑센터,지하도상가,종로구 율곡로 지하 308(종로구 종로6가 287-1 일대),인정,2290-6545,"2,285",48
11,종로구,통인시장,골목형,종로구 자하문로15길 16(종로구 통인동 10-3),인정,722-0911,"4,421",73
12,종로구,종로신진시장,골목형,종로구 종로38길16 일대(종로구 종로5가 225-21 일대),인정,2272-6001,"1,336",55
13,종로구,한일상가,건물형,종로구 청계천로 229(종로구 종로5가 314-7),인정,2266-3242,"4,894",67
14,종로구,광장전통시장,골목형,종로구 창경궁로 88 일대(종로구 예지동 293-1),상점가,2269-8855,"49,384",957
15,종로구,충신시장,골목형,종로구 율곡로22길 일대(종로구 충신동 35-8 일대),상점가,"1,000",29,
16,종로구,세종마을음식문화거리,골목형,종로구 자하문로 1길 일대(종로구 내자동 1-2 일대),상점가,"5,850",103,
17,종로구,창신골목시장,골목형,종로구 종로51길 18 일대(종로구 창신동 142-33 일대),상점가,745-8878,"6,000",119
18,종로구,세운상가가동,건물형,종로구 청계천로 159(종로구 장사동 116-4),상점가,2271-2344,"11,547",348
19,종로구,동묘시장,골목형,종로구 종로 58길40(종로구 숭인동 241-1 일대),상점가,"6,917",121,
20,종로구,동대문문구완구거리,골목형,종로구 종로52길 36 일대(종로구 창신동 390-29 일대),상점가,747-1900,"8,693",129
21,종로구,동문시장,건물형,종로구 종로44길 14(종로구 창신동 437-1),등록,764-4766,"9,739",136
22,종로구,낙원시장,건물형,종로구 삼일대로 428(종로구 낙원동 284-6),무등록,743-4200,"4,889",227
23,종로구,낙원지하시장(대일상가),건물형,종로구 삼일대로 428(종로구 낙원동 284-6),무등록,"6,594",64,
24,종로구,동대문상가A동,건물형,종로구 청계천로 295(종로구 창신동 436-79),무등록,"4,735",168,
25,종로구,동대문상가B동,건물형,종로구 청계천로 307(종로구 창신동 436-78),무등록,"4,735",234,
26,종로구,동대문상가C동,건물형,종로구 청계천로 319(종로구 창신동 436-65),무등록,"4,735",175,
27,종로구,동대문상가D동,건물형,종로구 청계천로 331(종로구 창신동 436-64),무등록,"8,370",101,
소계,중구,50,"21,008",,,,,
28,중구,남대문시장,건물형,중구 남대문시장 4길 21(남창동 49번지),등록,779-8657,"64,612","4,190"
29,중구,숭례문수입상가,건물형,중구 소월로 3 (남창동 51-1),등록,779-2951,"45,479",503
30,중구,중부시장,골목형,중구 을지로 36길 35  (오장동 139-11),등록,02-2267-5617~9,"20,707",375
31,중구,방산종합시장,건물형,중구 동호로 37길 20(주교동 19-1),등록,2268-6691/070-8844-0728,"23,336",542
32,중구,서울중앙시장,골목형,중구 퇴계로 85길 36 (황학동 442번지 일대),등록,2232-9559,"24,522",209
33,중구,평화시장,건물형,중구 청계천로 274 (을지로6가 17),등록,2279-2193,"27,704","1,915"
34,중구,통일상가,건물형,중구 청계천로 260-14(을지로6가 17),등록,2269-1969,"15,146",637
35,중구,동화상가,건물형,중구 장충단로 13길 34  (을지로6가 17-145),등록,2265-9611,"18,707",596
36,중구,남평화시장,건물형,중구 장충단로 282-10            (신당동 772),등록,2252-4415,"7,266",677
37,중구,제일평화시장,건물형,중구 마장로 13 (신당동 775),등록,"9,804",630,
38,중구,벨포스트 (舊에리어식스),건물형,중구 마장로 19 (신당동 776),등록,2231-4678,"4,379",223
39,중구,광희패션몰,건물형,중구 마장로 1길 21(신당동 777),등록,2238-9889,"8,601","1,110"
40,중구,청평화시장,건물형,중구 청계천로 334(신당동 217-91),등록,2252-8036,"12,917","1,151"
41,중구,삼익패션타운,건물형,중구 남대문시장 8길 7(남창동 5),등록,774-1531,"29,620",812
42,중구,신중부시장,골목형,중구 동호로33길 24 (오장동),인정,2273-0006,"7,523",251
43,중구,자유상가,건물형,중구 남대문로 36(회현동 202-1),인정,753-0787,"8,646",173
44,중구,신평화패션타운,건물형,중구 청계천로 298 (신당동 217-1),인정,2253-0714,"13,494",938
45,중구,동평화시장,건물형,"청계천로 318(신당동 217-92, 95~97)",인정,763-3597,"24,768","1,214"
46,중구,인현시장,상점가,중구 퇴계로 41길 45  (인현동 2가 192-3),상점가,2274-6006,"6,702",64
47,중구,방산시장,상점가,중구 을지로 33길 18-1(주교동 250-1),상점가,2266-8765,"66,691","1,050"
48,중구,소공지하도상가,지하도상가,중구 소공로지하 102(소공동 87),인정,775-2234,"3,517",139
49,중구,을지로지하보도쇼핑센터,지하도상가,중구 을지로 88/131/218(을지로2가 161),상점가,2274-4659,"20,334",208
50,중구,회현지하쇼핑센터,지하도상가,중구 소공로지하 58 (충무로1가 52-41),인정,3789-5512,"2,498",221
51,중구,시청광장 지하쇼핑센터,지하도상가,중구 을지로지하 12(을지로2가 12),인정,773-3004,"2,087",51
52,중구,명동역지하도상가,지하도상가,중구 퇴계로 지하 124(충무로2가 65-12),인정,318-1473,"2,215",69
53,중구,을지입구지하상가,지하도상가,중구 을지로지하 58 (을지로2가 197지하),상점가,752-7522,"1,225",64
54,중구,청계6가 지하도상가,지하도상가,중구 장충단로 지하 280(을지로6가 18-11),인정,2275-4812,"1,094",45
55,중구,남대문로 지하상가,지하도상가,중구 남대문로 14(중구 남대문로3가 13-3 ),인정,773-0999,"2,163",79
56,중구,명동지하쇼핑센터,지하도상가,중구 남대문로지하 72(남대문로2가 123),인정,776-3681,"3,838",58
57,중구,테크노상가,건물형,"중구 마장로 1가길17(신당동 213-51,53)",인정,2232-4821~2,"4,405",312
58,중구,청계5가쇼핑센터,지하도상가,중구 동호로 390-3(방산동 4-11),인정,070-7760-1207,"1,933",44
59,중구,청계천공구상가,상점가,중구 청계천로 124(입정동 258 동명빌딩 5층),상점가,2275-4071,"9,329",175
60,중구,대림상가,건물형,중구 을지로 157(을지로4가 9-6),등록,2277-6163,"10,956",361
61,중구,백학시장,상점가,중구 퇴계로 86길 22일대(신당동 132-32일대),상점가,2235-9005,"5,129",80
62,중구,신중앙시장,골목형,중구 퇴계로85길 36(황학동 442번지 일대),인정,2232-9559,"9,137",107
63,중구,황학시장,골목형,중구 퇴계로87길 일대(황학동),인정,2235-3040,"15,225",107
64,중구,team204 (팀204),건물형,중구 마장로 30(중구 신당동 204-48),인정,2232-1604,"5,880",122
65,중구,청계상가,건물형,중구 청계천로 160(중구 산림동 207-1),인정,2279-6513,"5817(1,370)",180
66,중구,황학동주방가구거리 상점가,상점가,중구 마장로 64~난계로 189 일대(중구 흥인동 2-18~황학동 1100-1 일대),상점가,2236-4002,"27,603",139
67,중구,아트프라자,건물형,중구 신당동 213-67,인정,2236-1768,"6,828",328
68,중구,신당 미래유산 먹거리 골목형상점가,골목형,다산로 221 일대,골목형상점가,2253-1466,"27,603",134
69,중구,동화동 골목형상점가,골목형,다산로 42나길 46일대,골목형상점가,2135-1766,"12,513",70
70,중구,필동 골목형상점가,골목형,중구 필동로 19 일대,골목형상점가,6407-4297,"5,063",24
71,중구,충무로 골목형상점가,골목형,중구 충무로2길 27-1 외 68필지,골목형상점가,"12,705",57,
72,중구,약수시장 골목형상점가,골목형,중구 동호로7길 ~ 다산로10로길 일대,골목형상점가,2233-0755,"43,936",142
73,중구,다산마을상가거리 골목형상점가,골목형,중구 동호로11길 19~동호로11나길 6 일대(중구 신당동 361-42~신당동 354-11 일대),골목형상점가,"6,576",100,
74,중구,장충남소영길 골목형상점가,골목형,중구 동호로24길 27-3 ~ 장충단로7길 32 일대,골목형상점가,2261-5579,"16,974",146
75,중구,충정로56출구 골목형상점가,골목형,중구 서소문로12 일대,골목형상점가,313-5560,"5,077",40
76,중구,명동남산골 골목형상점가,골목형,중구 퇴계로20길 18일대(중구 남산동2가 10-1 ~ 남산동2가 29-6 일대),골목형상점가,"5,566",47,
77,중구,신당오길 골목형상점가,골목형,중구 퇴계로 88길21 일대,골목형상점가,"6,890",99,
소계,용산구,8,575,,,,,
78,용산구,이태원시장,건물형,용산구 이태원로14길 6 (이태원동 56-9),등록,794-5682,"4,484",69
79,용산구,보광시장,건물형,용산구 보광로 30 (보광동 260-8),등록,749-6464,"3,352",10
80,용산구,만리시장,건물형,용산구 효창원로 270 (서계동 260-1),등록,714-0151,"7,682",33
81,용산구,후암시장,골목형,용산구 한강대로104길 77(후암동 103),인정,754-5114,"1,141",42
82,용산구,용산용문시장,골목형,용산구 효창원로 40길 13 (용문동 41-44),인정,3275-0883,"6,470",156
83,용산구,신흥시장,골목형,용산구 신흥로 95-9 (용산동2가 1-480),인정,754-7389,"1,600",61
84,용산구,이촌종합시장,골목형,용산구 이촌로75길 16-9 (이촌동 301-154),인정,796-6162,"5,122",107
85,용산구,한강쇼핑센터,상점가,용산구 이촌로 224(이촌동 300-27),상점가,798-0401,"5,286",97
소계,성동구,11,"1,965",,,,,
86,성동구,금남시장,골목형,"성동구 금호산2길 32, 2층(금호동3가 308)",등록,02-2252-5302,"3,356",102
87,성동구,뚝도시장,골목형,성동구 성수이로 32-15(성수동2가 335-16),등록,02-464-4426,"5,141",129
88,성동구,마장축산물시장,골목형,"마장로35길 68, 4층(마장동 439-1)",인정,02-2281-4446,"26,313",790
89,성동구,행당시장상점가,상점가,성동구 무학봉16길 20(행당동 298-11),상점가,02-2298-8522,"4,962",85
90,성동구,성동용답상가시장,골목형,성동구 용답중앙길 59(용답동 57-17),인정,02-2214-4326,"29,118",162
91,성동구,왕십리도선동상점가,상점가,"성동구 무학로2길 32, 3~4층(도선동 276)",상점가,02-2295-0088,"9,860",175
92,성동구,한양대앞상점가,상점가,성동구 마조로1길 28(행당동 19-34),상점가,02-2281-0625,"5,445",72
93,성동구,뚝섬역상점가,상점가,성동구 아차산로 2-1 뚝섬역 3번출구 옆)(성수동1가 656-121),상점가,02-466-1154,"3,576",82
94,성동구,왕십리무학봉상점가,상점가,"성동구 무학봉16길 6, 102호(하왕십리동 976-15)",상점가,02-6498-2444,"4,241",96
95,성동구,신금호역 골목형상점가,상점가,"성동구 금호로149, 지층(금호동2가 450-1)",골목형상점가,02-2234-6323,"4,366",112
96,성동구,성수역 골목형상점가,상점가,"성동구 성수일로10길 26, B309-1호(성수동2가 284-62)",골목형상점가,"7,596",160,
소계,광진구,15,716,,,,,
97,광진구,조양시장,건물형,광진구 아차산로30길 39 (자양동 6-20),등록,463-5611,"6,658",35
98,광진구,노룬산시장,건물형,광진구 뚝섬로 491                     (자양동 44-2),등록,463-7521,"1,503",19
99,광진구,신성시장,건물형,광진구 영화사로 12            (중곡동 79-8),등록,444-1707,"1,204",21
100,광진구,중곡제일시장,건물형,광진구 긴고랑로11길 11   (중곡동 229-5),등록,467-0254,"2,207",13
101,광진구,광성시장,건물형,광진구 능동로 47길 30  (중곡동 229-15),등록,467-5200,"2,135",20
102,광진구,자양종합시장,건물형,광진구 자양번영로6길 20 (자양동 602),등록,457-7480,"4,716",7
103,광진구,한아름시장,건물형,광진구 능동로13길 39           (화양동 10-1),등록,465-4035,"12,216",29
104,광진구,중곡제일골목시장,골목형,광진구 긴고랑로11길 14 (중곡동 221-6),인정,466-5003,"14,684",135
105,광진구,자양골목전통시장,골목형,광진구 자양로13길 59                (자양동 631-18),인정,458-1624,"16,400",130
106,광진구,노룬산골목시장,골목형,광진구 뚝섬로25길 6                 (자양동 553-60),인정,465-2103,"6,719",33
107,광진구,영동교골목시장,골목형,광진구 동일로10길 47                     (자양동 246-111),인정,463-9686,"12,744",60
108,광진구,화양제일골목시장,골목형,광진구 아차산로29길 59(화양동 34-72),인정,466-3988,"11,281",74
109,광진구,면곡골목시장,골목형,광진구 답십리로 368(중곡동 580-1),골목형상점가,495-9070,"2,145",40
110,광진구,능동로골목시장,골목형,광진구 뚝섬로30길 23              (자양동 553-219),인정,499-2422,"8,470",70
111,광진구,신성골목시장,골목형,광진구  용마산로6길 9(중곡동 79-10),무등록,446-7831,30,
소계,동대문구,21,"2,762",,,,,
112,동대문구,용두시장,건물형,동대문구 무학로 37길 12 (용두동 231-5),등록,926-3471,"1,251",12
113,동대문구,경동시장(7개 번영회),건물형,동대문구 고산자로36길 3 (제기동 1036),등록,969-7218,"15,973",396
114,동대문구,동서시장,건물형,동대문구 왕산로33길 13            (제기동 650),등록,967-8169,"1,813",59
115,동대문구,전농로터리시장,건물형,동대문구 전농로 15길 7                 (전농동 295-52),등록,2217-1231,"4,244",83
116,동대문구,동부시장,건물형,동대문구 천호대로 281             (답십리동 495-1),등록,2244-4451,"1,656",32
117,동대문구,전곡시장,건물형,동대문구 한천로 190                (장안동 108-5),등록,2245-3026,809,14
118,동대문구,이경시장,건물형,동대문구 휘경로 53                      (휘경동 151-3),등록,966-6966,"2,178",78
119,동대문구,이문제일시장,건물형,동대문구 이문로 200                     (이문동 250-1),등록,962-5992,"1,774",23
120,동대문구,청량리청과물시장,골목형,동대문구 왕산로33길 6 (제기동 635-35),인정,070-7722-1650,"11,686",101
121,동대문구,청량리종합시장,골목형,동대문구 홍릉로 1길 68-3(제기동 647-11),인정,962-7100,"8,368",185
122,동대문구,서울약령시장,골목형,동대문구 약령중앙로26 서울한방진흥센터(제기동 1082),인정,969-4793,"119,630","1,004"
123,동대문구,경동광성상가,골목형,동대문구 고산자로 464                    (제기동 913),인정,965-1601,"9,315",101
124,동대문구,청량리전통시장,골목형,동대문구 경동시장로 2길 49-3(청량리동 773),인정,3295-4555,"2,243",67
125,동대문구,답십리현대시장,골목형,동대문구 전농로4길 38 (답십리2동 14-8),인정,070-7788-4435,"2,821",70
126,동대문구,답십리시장,골목형,동대문구 답십리로 51길 4-1 (답십리동 66-17),인정,2216-9888,"4,419",52
127,동대문구,회기시장,골목형,동대문구 회기로25길 11                    (회기동 57-22),인정,964-2450,"4,990",64
128,동대문구,청량종합도매시장,골목형,동대문구 약령시로 92-2              (제기동 838-24),인정,962-5670,"3,260",44
129,동대문구,청량리수산시장,골목형,동대문구 고산자로 34길 48-1 (용신동 20-47),인정,967-4210,"7,760",110
130,동대문구,청량리농수산물시장,골목형,동대문구 경동시장로 22                (제기동 629-2),인정,963-3214,"4,533",118
131,동대문구,답십리 건축자재시장,골목형,동대문구 고미술로 49 의증빌딩 304호( 답십리1동 530-11),인정,3394-8820,"9,681",79
132,동대문구,이경재래시장,골목형,동대문구 외대역동로12길 13,무등록,70,,
소계,중랑구,17,"1,381",,,,,
133,중랑구,동원시장,건물형,중랑구 면목로74길45            (면목동 101-1),등록,439-0026,"1,766",14
134,중랑구,면목시장(카멜리아쇼핑센타),건물형,서울시 중랑구 면목로39길 11,등록,"3,978",22,
135,중랑구,중랑교종합상가,건물형,중랑구 망우로32길 23(상봉동 129-9),등록,"3,472",44,
136,중랑구,태능엔터피아,건물형,서울시 중랑구 동일로129길35,등록,02-432-8637,"7,776",42
137,중랑구,유영시장,건물형,중랑구 봉우재로70길96              (망우동 530-3),등록,491-5433,"7,154",6
138,중랑구,동성타워프라자,건물형,서울시 중랑구 봉화산로221,등록,02-3423-2975,"21,610",71
139,중랑구,신아타운,건물형,중랑구 봉화산로 194,등록,02-3422-4501,"31,129",235
140,중랑구,우림골목시장,골목형,중랑구 망우로62길 52-4,인정,02-436-3598,125,
141,중랑구,면목시장(골목형),골목형,서울시 중랑구 사가정로 50길84 (중랑구 면목7동 666-15),인정,02-496-5665,13563.61㎡,91
142,중랑구,중랑동부시장,골목형,중랑구 동일로 109길 31-5(면목2동 183-118),인정,02-437-8155,112,
143,중랑구,동원전통종합시장,골목형,서울 중랑구 상봉로11길 27-3,인정,02-2209-0220,"18,160",121
144,중랑구,사가정시장,골목형,서울특별시 중랑구 면목로44길 16(서울특별시 중랑구 면목38동 472-45),인정,02-433-8502,124,
145,중랑구,동원전통시장상점가,상점가,서울 중랑구 면목로 78길 67 101호,인정,02-435-0357,96,
146,중랑구,장미제일시장,골목형,서울시 중랑구 동일로143일 43(중화동309-1),인정,02)6348-0098,5966.12㎡,56
147,중랑구,묵1동도깨비시장,골목형,중랑구 공릉로12가길 18        (묵동 일대),무등록,34,,
148,중랑구,태능골목형상점가,골목형,중랑구 중랑역로 일대,골목형상점가,"4,528",87,
149,중랑구,상봉먹자골목형상점가,골목형,중랑구 봉우재로33길 일대,골목형상점가,"5,546",101,
소계,성북구,13,967,,,,,
150,성북구,길음시장,건물형,"성북구 동소문로 227 (길음동 535-8, 540-2)",인정,909-0926,"11,425",81
151,성북구,돈암시장,골목형,성북구 동소문로18길 18(동소문동5가 59-2 일대),인정,"13,867",102,
152,성북구,돌곶이시장,골목형,성북구 한천로73길 26(석관동 279-39 일대),인정,070-8952-5598,"7,150",74
153,성북구,장위전통시장,골목형,성북구 장위로38길 46-1(장위동)  (장위동 68-88 일대),인정,070-7799-9129,"9,599",61
154,성북구,정릉시장,골목형,성북구 보국문로11길 18-19  (정릉동)   (정릉동 400-15호 일대),인정,070-4126-0098,"9,954",114
155,성북구,정릉아리랑시장,골목형,성북구 정릉로 26가길36일대(정릉동 443-1),인정,070-4215-2931,"4,284",54
156,성북구,석관시장,건물형,성북구 돌곶이로22가길 27 (석관1동 270-1),등록,967-5571,"4,111",12
157,성북구,밤나무골시장,골목형,성북구 오패산로 79 (하월곡동 76-8 일대),무등록,13,,
158,성북구,정릉골 골목형상점가,골목형,성북구 보국문로 16길 일대,상점가,"4,953",75,
159,성북구,꿈의숲장곡 골목형상점가,골목형,성북구 돌곶이로 39길 일대,상점가,"2,616",66,
160,성북구,성북천 골목형상점가,골목형,성북구 동소문로2길 일대,상점가,"5,687",94,
161,성북구,배밭골 골목형상점가,골목형,성북구 정릉로10길 일대,상점가,"3,061",64,
162,성북구,종암북바위길 골목형상점가,골목형,성북구 종암로21길 일대,상점가,"8,763",157,
소계,강북구,19,"1,004",,,,,
163,강북구,수유시장,건물형,강북구 도봉로67길 18              (수유동 54-5),등록,989-4730,"7,219.25㎡",59
164,강북구,숭인시장,건물형,"강북구 도봉로 45                 (미아동 60-4,5,10,11)",등록,"11,203.7㎡",46,
165,강북구,강북북부시장,건물형,강북구 한천로123길 26                   (번동 413-3),등록,902-1683,"2,903.78㎡",37
166,강북구,수유중앙시장,건물형,강북구 노해로17길 21               (수유동 32-2),등록,902-1353,"4,439.75㎡",24
167,강북구,우이시장,건물형,강북구 노해로23길 68              (수유동 270-168),등록,993-0240,"2,122",7
168,강북구,수유북부시장,건물형,"강북구 삼양로91가길 19, 삼양로91길 11-12             (수유동 수유동405-5)",등록,903-5546,"2,769.39㎡",21
169,강북구,동북프라자,건물형,강북구 솔샘로 233                      (미아동 701-3),등록,989-0403980-0739,"7,077.61㎡",29
170,강북구,수유프라자,건물형,강북구 도봉로 261                   (수유동 63),등록,982-2278,"20,953.72㎡",52
171,강북구,수유전통시장(구)수유골목시장,골목형,"강북구 도봉로69길                    (수유동 53,54)일대",인정,989-4730,81,
172,강북구,수유재래시장,골목형,"강북구 도봉로71길                  (수유동 53,54)일대",인정,987-6382,114,
173,강북구,백년시장(구)강북종합전통시장,골목형,강북구 한천로144길 26                      (수유동 175-61)일대,인정,6081-7282,74,
174,강북구,장미원골목시장,골목형,"강북구 삼양로123길 9,11,13(수유동 313-1,2,8)일대",인정,900-1256,100,
175,강북구,우이골목시장,골목형,강북구 한천로162길              (수유동 수유동 270-120)일대,무등록,70,,
176,강북구,수유중앙골목시장,골목형,"강북구 노해로17길 16,24 (수유동38-18,32)일대",무등록,70,,
177,강북구,강북북부골목시장(구)번동북부골목시장,골목형,"강북구 한천로123길 27,31             (번동 411-18,93)일대",무등록,17,,
178,강북구,방천골목시장,골목형,"강북구 월계로7나길 9              (미아동1345, 698-3)일대",무등록,53,,
179,강북구,"솔샘시장(미아6,7동골목시장)",골목형,강북구 솔샘로50길 4 (미아동 1345)일대,무등록,30,,
180,강북구,삼양골목시장,골목형,강북구 솔매로 45(미아동 833-8) 일대,무등록,50,,
181,강북구,수유북부골목시장,골목형,삼양로87길 42(인수동)일대,무등록,70,,
소계,도봉구,10,880,,,,,
182,도봉구,방학동도깨비시장,골목형,도봉구 도당로85-7방학동도깨비시장고객지원센터2층,인정,954-1225,"15,243",88
183,도봉구,창동신창시장,골목형,도봉구 덕릉로59마길 18-7 (창동 582-47),인정,990-0040,"11,219",76
184,도봉구,창동골목시장,골목형,도봉구 덕릉로 54가길 17(창동 557-19),인정,900-4900,"7,325",58
185,도봉구,신도봉시장,골목형,도봉구 도당로27길 60 (도봉동 611),인정,"8,774",142,
186,도봉구,쌍문시장(쌍문역 골목시장),골목형,도봉구 도봉로113길 23(쌍문동 94-35),인정,"4,886",103,
187,도봉구,백운시장,골목형,도봉구 삼양로154길 40(쌍문동495-23),인정,991-0678,"10,267",61
188,도봉구,쌍문역둘러상점가,상점가,도봉구 도봉로113길15 1층컴미르(도봉구쌍문3동98-9),상점가,998-6635,"18,459",112
189,도봉구,오!도봉거리 상점가,상점가,도봉구 도봉로 156길 6(도봉동 623),상점가,"12,856",52,
190,도봉구,쌍리단길상점가,상점가,"서울 도봉구 도봉로114길 22,112길 19, 110나길 21, 110나길 27 (창동)",상점가,903-9995,"23,436",117
191,도봉구,창동역상점가,상점가,도봉구 마들로11가길 12(57m)도봉구 노해로69길 21(92m)도봉구 마들로11길 71(45m),상점가,070-8863-0217,"39,952",71
소계,노원구,7,531,,,,,
192,노원구,공릉동 도깨비시장,골목형,노원구 동일로 180길 53             (공릉동 561-36),인정,976-4143,"15,669",114
193,노원구,상계중앙시장,골목형,노원구 상계로27길 32(상계동 389-641 외 49필지),인정,070-4141-1116,"21,428",69
194,노원구,시영B상가,상점가,노원구 동일로 1279(중계동 503),상점가,971-7072,"4,121",75
195,노원구,시영2단지 무지개종합상가,상점가,노원구 동일로 1280(중계동 512),상점가,949-5878,"1,800",65
196,노원구,상계주공1단지(가)상가,상점가,노원구 덕릉로 459-37(상계동 767-5),상점가,933-3388,"3,015",46
197,노원구,상계역전종합상가,상점가,노원구 한글비석로 396(상계동 173-1),등록,931-4825,"14,890",120
198,노원구,상계주공15단지상가,상점가,노원구 동일로 227길 26(상계동 624),상점가,"7,857",42,
소계,은평구,12,749,,,,,
199,은평구,연서시장,건물형,"은평구통일로850(불광동 310-118 ,310-200)",등록,355-1272,"1,594",87
200,은평구,증산종합시장,건물형,은평구 증산로3길 12(증산동 184-9),등록,373-5990,"2,171",38
201,은평구,대림시장,건물형,"은평구 응암로4길20,22,24,26,26-1,26-3(응암동 754-1)",등록,302-1666,"3,223",56
202,은평구,제일시장,건물형,"은평구 대조동 14-1, 21(통일로731(대조동))",등록,352-1993,"2,293",39
203,은평구,신응암시장,골목형,은평구 응암로22길3-1(응암동427-130~113),인정,389-3330,"2,272",36
204,은평구,대조시장,골목형,"은평구 진흥로 153 (대조동 12, 26번지 일대)",인정,382-5599,"5,126",60
205,은평구,대림골목시장,골목형,은평구 응암로12길8 (응암동602-1~31번지750-1~ 695-22일대),인정,6053-3545,"1,700",71
206,은평구,양지시장,건물형,"은평구 응암로4길20,22,24,26,26-1,26-3(응암동 754-1)",등록,302-6729,"1,244",11
207,은평구,응암오거리상점가,상점가,"응암로11길, 응암로13길 일대",상점가,304-7155,"2,600",87
208,은평구,연신내상점가,상점가,은평구 통일로85길6-12                 (갈현동393-400번지 일대),상점가,070-8927-3254,"16,394",190
209,은평구,불광먹자골목 골목형상점가,상점가,은평구 통일로 66길 일대(불광1동 281-75 일대),골목형상점가,383-0112,"9,102",69
210,은평구,증산골목시장,골목형,은평구 증산로15길11,무등록,5,,
소계,서대문구,11,740,,,,,
211,서대문구,유진상가,건물형,서대문구 통일로 484(홍제동 294-46),등록,3216-9393,"6,606",59
212,서대문구,백련시장,건물형,서대문구 가재울로6길 53-87(남가좌동 345-4),등록,373-4870303-5514,"6,865",30
213,서대문구,인왕시장,건물형,서대문구 인왕시장길 18(홍제동 298),등록,394-1998,"4,321",95
214,서대문구,영천시장,골목형,서대문구 영천시장길 27(영천동 294),인정,363-5350,"2,485",71
215,서대문구,포방터시장,골목형,서대문구 포방터길 46(홍은동 9-160),인정,396-3335,"7,310",81
216,서대문구,연희사러가,건물형,서대문구 연희맛로 23(연희동 131-1),등록,"3,719",34,
217,서대문구,이대 앞 스타트업 상점가,상점가,서대문구 이화여대길 74(대현동 34-33),상점가,365-3580,"3,416",78
218,서대문구,"이화여대 3,5,7길 상점가",상점가,"서대문구 이화여대 5길 23, 1층(대현동 37-18)",상점가,"10,660",135,
219,서대문구,아현가구거리상점가,상점가,서대문구 신촌로 311 일원,상점가,"9,175",66,
220,서대문구,신촌 상인회,상점가,"서대문구 연세로5다길 40, 2층",상점가,6257-6000,"1,814",30
221,서대문구,홍제골목형상점가,상점가,서대문구 홍제동 299-12~32 일원,골목형상점가,"2,474",61,
소계,마포구,15,"1,789",,,,,
222,마포구,공덕시장,건물형,마포구 만리재로19(B동)(공덕동 256-10 ),등록,712-0076,"1,699",43
223,마포구,마포시장,건물형,마포구 마포대로6길16(C동)(공덕동 256-5)만리재로23(A동)(공덕동 256-30),등록,719-3308(A동)712-0687(C동),"1,689",78
224,마포구,동진시장,건물형,마포구 성미산로198(연남동 227-15),등록,325-9559,492,18
225,마포구,영진시장,건물형,마포구 동교로12길21(서교동 485-14),등록,336-1494,"3,761",12
226,마포구,서교시장,건물형,마포구 홍익로3길20(서교동 357-1),등록,3141-2502,"12,640",9
227,마포구,합정시장,건물형,"마포구 양화진길5(합정동, 합정아파트)(합정동 375-1)",등록,334-2425,"5,433",8
228,마포구,마포농수산물시장,건물형,마포구 월드컵로235(성산동 533-1),등록,309-0419,"17,319",136
229,마포구,망원동월드컵시장,골목형,마포구 망원로7길 일대(망원동 423-13),인정,322-6656,"5,473",50
230,마포구,망원시장,골목형,마포구 망원로8길3~70일대(망원동 486-37),인정,335-3591,"11,159",82
231,마포구,아현시장,골목형,"마포대로21길,굴레방로7길,9길일대(아현동327-19)",인정,364-3600,"18,849",148
232,마포구,용강동 상점가,상점가,토정로 315              (용강동 40-5),상점가,3272-8688,"9,242",153
233,마포구,도화동 상점가,상점가,"도화길, 새창로2길(도화동일대)",상점가,"5,650",146,
234,마포구,상암동상점가,상점가,마포구 월드컵북로44길33         (상암동 33-1),상점가,376-1623,"5,558",139
235,마포구,홍대걷고싶은거리,상점가,"마포구 어울마당로109~155일대(동교동,서교동)",상점가,325-7447,"5,135",607
236,마포구,홍대소상공인상점가,상점가,마포구 홍익로3길 일대(서교동),상점가,336-3644,"5,989",160
소계,양천구,15,957,,,,,
237,양천구,경창시장,골목형,양천구 오목로9길 31(신월2동 447-8),인정,2606-5988,"2,320",51
238,양천구,목2동시장,골목형,양천구 목동중앙북로16길 3(목2동 526),인정,-,"3,020",87
239,양천구,목동깨비시장(목3동시장),골목형,양천구 목동중앙북로6길 5(목3동 617-13),인정,2644-3238,"5,106",96
240,양천구,목사랑시장(목4동시장),골목형,양천구 목동중앙남로 7길 8       (목동 726-18),인정,2647-9191,"1,970",86
241,양천구,신영시장,골목형,양천구 월정로 161-5(신월1동 114-18),인정,2604-3319,"4,520",110
242,양천구,월정로시장,골목형,양천구 월정로29길 3(신월1동 114-1),무등록,-,"2,230",121
243,양천구,신월3동시장 골목형상점가,골목형,양천구 남부순환로40가길 1-1(신월3동 178-1),골목형상점가,"9,923",156,
244,양천구,신월6동 골목시장,골목형,양천구 달맞이1길 7                (신월동 574-15),무등록,"2,190",53,
245,양천구,신월7동 골목시장(약수시장),골목형,양천구 자양로 82                (자양동 627-21),무등록,480,10,
246,양천구,신정1동 골목시장,골목형,양천구 중앙로34길 28               (신정동 1029-1),무등록,"1,560",38,
247,양천구,신곡종합시장,건물형,양천구 남부순환로79길 37(신월6동 575-17),등록,2698-6057,"1,150",8
248,양천구,신정제일시장,건물형,양천구 중앙로34길 30(신정1동 1030-6),등록,-,"1,340",11
249,양천구,우성상가,건물형,양천구 지양로 78(신월7동 928-1),등록,2693-1241,"5,035",19
250,양천구,오목교중앙시장,골목형,양천구 신정동 126-5 일대,인정,"4,407",63,
251,양천구,서서울 골목형상점가,골목형,양천구 곰달래로13길 15 일대(신월동 117-8),골목형상점가,"1,967",48,
소계,강서구,11,635,,,,,
252,강서구,공항시장,건물형,강서구 방화동로3길 7(방화동 620-17),등록,2662-2751,"3,582",4
253,강서구,남부화곡시장,건물형,강서구 등촌로5길 80 (화곡동 830-1),등록,2651-5554,"2,241",20
254,강서구,대원종합시장,건물형,강서구 화곡로21길 78 (화곡동 1023),등록,2695-4425,"2,739",32
255,강서구,신월중앙시장,건물형,강서구 강서로 54길 109(화곡동 929-1),등록,2693-9686,"1,943",18
256,강서구,등마루시장,건물형,강서구 화곡로 68길 120 (등촌동 637-10),등록,3661-8993,"2,325",10
257,강서구,까치산시장,골목형,강서구 강서로12길 14(강서구 화곡동 342-16),인정,2606-4500,"26,139",138
258,강서구,남부골목시장,골목형,강서구 등촌로5길 62-4(화곡동 801-9,인정,2646-5656,"21,776",145
259,강서구,방신전통시장,골목형,강서구 방화동로16길 32(강서구 방화동 567-23),인정,2666-4080,"6,963",88
260,강서구,화곡중앙시장,골목형,강서구 월정로30길 63(화곡동 370-37),인정,2065-7212,"9,436",55
261,강서구,화곡본동시장,골목형,강서구 까치산로 35 (화곡동 98-45),인정,2698-0779,"5,805",50
262,강서구,송화벽화시장,골목형,강서구 강서로 263-29(강서구 내발산동 720-4),상점가,2696-5225,"26,319",75
소계,구로구,9,609,,,,,
263,구로구,구로시장,골목형,구로구 구로동로22길 20-27      (구로동 735-168),등록,868-1452,"5,092",146
264,구로구,오류시장,건물형,구로구 경인로19가길 14-1          (오류동 38-7),등록,"3,947",16,
265,구로구,개봉중앙시장,건물형,구로구 개봉로17길 34             (개봉동 324-1),등록,839-3151,"1,515",21
266,구로구,고척근린시장,골목형,구로구 경인로33길 98-9   (고척동 257-6번지 외),인정,02-2060-7504,"3,947",67
267,구로구,남구로시장(舊 구로자율시장),골목형,구로구 구로동로28길 16-7(구로동) 일원,인정,855-8509,"23,966",183
268,구로구,고척프라자,건물형,구로구 중앙로10길 7                  (고척동 50-48),등록,"11,965",16,
269,구로구,개봉프라자,건물형,구로구 고척로40길 19               (고척동 269-1),등록,"9,974",36,
270,구로구,가리봉시장,골목형,구로구 우마길 15  (가리봉동 123-79),인정,"8,859",64,
271,구로구,고척골목시장상점가,상점가,구로구고척동51-1일대,상점가,"2,862",60,
소계,금천구,7,"1,038",,,,,
272,금천구,별빛남문시장,골목형,금천구 시흥대로144길 17 (독산동 984-10),인정,868-9727,"13,079",108
273,금천구,비단길현대시장,골목형,금천구 독산로41길 7 (시흥동 856~888),인정,802-7720,"23,598",188
274,금천구,대명여울빛거리시장(시장활성화구역 - 전통시장+상점가),골목형,금천구 시흥대로52길 70 (시흥동 884-5),인정,808-0811,"22,929",236
275,금천구,은행나무시장,골목형,금천구 금하로25길 1~35 골목일대 (시흥동),인정,802-5514,"2,202",50
276,금천구,독산동 우시장,건물형,"금천구 범안로 1209 (독산동 293-5,6 외 3필지)",상점가,896-1233,"18,600",159
277,금천구,독산동 맛나는거리상점가,상점가,독산동 286-14 외 50필지(금천구 시흥대로 398 ~ 독산로 247 ),상점가,837-1011,"18,021",157
278,금천구,정훈한마음골목시장,상점가,금천구 독산로64길 23 (독산동 1040-86),골목형상점가,805-1544,"6,814",140
소계,영등포구,21,"3,123",,,,,
279,영등포구,삼구시장,건물형,영등포구 영등포로 219(영등포동5가 19),등록,2634-0536,"3,758",48
280,영등포구,동남상가,건물형,영등포구 영등포로37길 4(영등포동5가 24),등록,2635-4846,"5,722",63
281,영등포구,영신상가,건물형,영등포구 영등포로 225                    (영등포동5가 18),등록,2634-0602,"10,323",86
282,영등포구,도림시장,건물형,영등포구 도영로 50(도림동 176-1),등록,846-7747,"4,156",2
283,영등포구,신동시장,건물형,"영등포구 가마산로69가길 12(신길동 259-8,9)",등록,832-1752,"1,877",8
284,영등포구,대신시장,건물형,영등포구 도신로60길 7(신길동 116-15),등록,842-0003,"12,968",110
285,영등포구,영일시장,골목형,영등포구 문래로30길 27(문래동3가 10),등록,2679-6832,"1,897",64
286,영등포구,영등포유통상가,건물형,영등포구 영등포로 109(당산동2가 30-2),등록,2635-7300,"75,575","1,450"
287,영등포구,대림중앙시장,골목형,영등포구 디지털로37나길 21(대림동 1075-47),인정,833-8113,"2,974",91
288,영등포구,영등포전통시장,혼합형,영등포동5가 33-29,상점가,2634-1308,"5,245",97
289,영등포구,제일상가,건물형,영등포구 영등포로 225       (영등포동5가 18),상점가,2634-0310,"1,063",44
290,영등포구,영등포청과시장,골목형,영등포구 영신로41길 5-1(당산동1가 157),상점가,2675-3269,"19,800",155
291,영등포구,로타리상가,건물형,영등포구 영등포로 219         (영등포동5가 20),상점가,2634-0591,"5,164",94
292,영등포구,남서울상가,상점가,영등포구 영중로14길 11              (영등포동5가 16()),상점가,2634-7610,"8,580",41
293,영등포구,우리시장,골목형,대림동 906-83,상점가,835-5599,"2,991",84
294,영등포구,영등포시장지하도상가,지하도상가,영등포구 영등포로 지하 221(영등포동5가 20),상점가,2676-2235,"3,637",68
295,영등포구,영등포역지하도상가,지하도상가,영등포구 경인로 843(영등포동3가 33),상점가,3667-8681,"4,678",74
296,영등포구,영등포로타리지하도상가,지하도상가,영중로 지하 20,상점가,2631-1248,"6,161",101
297,영등포구,영등포시장기계공구상가,골목형,영등포구 영중로14길 48(영등포동2가 167-1),상점가,2635-8005,"35,477",369
298,영등포구,선유도역 골목형상점가,골목형,"영등포구 선유로47길, 49길, 양평로19길 일대",골목형상점가,"1,201",35,
299,영등포구,대림중앙 골목형상점가,골목형,영등포구 디지털로37길 29,골목형상점가,"2,519",39,
소계,동작구,16,"1,012",,,,,
300,동작구,사당시장,건물형,동작구 사당로 244(사당4동 318-8),등록,02-582-9900,"3,843",14
301,동작구,강남시장,건물형,동작구 상도로 357(상도동 488),등록,813-6231,"2,323",16
302,동작구,성대시장,건물형,동작구 상도로 102(상도동 324-1),등록,822-4488,"6,831",56
303,동작구,본동인정시장,골목형,동작구 매봉로 177 (본동 187-1외 66필지),인정,823-3655,"8,099",20
304,동작구,신노량진시장,건물형,동작구 장승배기로 123-6 (노량진동 307-9),무등록,826-5800,"3,512",16
305,동작구,노량진중앙시장,골목형,동작구 만양로16길 9(노량진동 119-153,무등록,812-5535,"2,320",23
306,동작구,남성사계시장(남성시장),골목형,동작구 동작대로 129 일원(사당동 86-9 외),인정,02-536-3002,"10,984",135
307,동작구,성대전통시장,골목형,국사봉1길 41 일원(상도동 324-68 일원),인정,02-822-4456,"7,109",99
308,동작구,흑석시장,골목형,동작구 서달로12길 19 일원(흑석동 54-148 일원),무등록,02-3280-4050,"5,051",66
309,동작구,남성역골목시장,골목형,동작구 사당로16가길 19  일원               (사당동 267-4 일원),인정,070-4015-8396,"5,579",75
310,동작구,상도전통시장,골목형,동작구 상도로37길 62 일원(상도동 467-2 일원),인정,02-824-3747,"7,770",69
311,동작구,사당1동먹자골목상점가,골목형,동작대로3길 14 일원(사당동 1032-31 일원),상점가,02-522-5578,"4,228",81
312,동작구,상도약수골목형상점가,상점가,동작구 양녕로26길 10 일대(상도4동 210번지 일대),골목형상점가,070-8100-8708,"6,108",100
313,동작구,상도도깨비 골목형상점가,상점가,동작구 상도로 22길 일대(상도동 186-5 일원),골목형상점가,"5,130",99,
314,동작구,신대방1동골목상권,골목형,동작구 시흥대로 658 ~ 신대방길 54        (신대방동 607-5 일원),무등록,02-831-6787,113,
315,동작구,만양로상점가,상점가,동작구 만양로 92,무등록,30,,
소계,관악구,22,"1,722",,,,,
316,관악구,봉일시장,건물형,관악구 은천로 28(은천동 951-25),등록,02-874-1500,"3,068",35
317,관악구,봉천현대시장,건물형,관악구 양녕로 49(은천동 502-4),등록,02-882-0492,"2,069",31
318,관악구,봉천제일종합시장,건물형,관악구 청룡2길 29(청룡동 921-1),등록,02-878-8881,"3,521",31
319,관악구,봉천중앙시장,건물형,관악구 관악로 211(중앙동 32-2),등록,02-876-5574,"3,406",36
320,관악구,신림종합시장,건물형,관악구 남부순환로157길 63  (신사동 505-1),등록,02-856-4556,"3,778",25
321,관악구,신신림시장,건물형,관악구 원신2길 34(삼성동 390-1),등록,"1,824",11,
322,관악구,신림중앙시장,건물형,관악구 조원로16길 27(조원동 541),등록,02-853-7471,"6,167",140
323,관악구,원당종합시장,건물형,관악구 남부순환로248길 35(인헌동 1638-20),등록,02-888-0930,"2,059",7
324,관악구,우림시장,건물형,관악구 난곡로26길 4(난곡동 637-1),등록,02-853-1866,"1,726",17
325,관악구,관악종합시장,건물형,관악구 신원로 23(신원동 1602-1),등록,02-856-4355,"2,036",57
326,관악구,신림현대종합상가,건물형,관악구 신림로29길 8(서림동 1694),등록,02-875-4271,"5,053",43
327,관악구,신원시장,골목형,관악구 신원로3길 20-3(신원동 1587-26),인정,02-854-5453,"3,678",119
328,관악구,관악신사시장,골목형,관악구 난곡로74길 58(신사동 494-7),인정,02-855-1994,"3,778",100
329,관악구,조원동 펭귄시장,골목형,관악구 남부순환로143나길 7(조원동 541-6),인정,02-857-3810,"9,831",70
330,관악구,인헌시장,골목형,관악구 인헌6길 24(인헌동 1638-22),인정,070-8104-2665,"9,751",52
331,관악구,삼성동 시장,골목형,관악구 원신1길 28-1(삼성동 808-495),무등록,02-884-0428,"4,800",228
332,관악구,봉리단길 골목형상점가,골목형,장군봉6길 15 외 68필지(청룡동 928-1 외 68필지),골목형상점가,"20,432",223,
333,관악구,서원동상점가,상점가,관악구 신림로 329(서원동 1637),상점가,02-889-1233,"17,115",200
334,관악구,미성동 도깨비시장 골목형상점가,골목형,관악구 미성3길 1(미성동 727-5),골목형상점가,02-859-1383,"9,190",94
335,관악구,강남골목시장,골목형,관악구 조원로6길 15 외 20필지(조원동 1652 외 20필지),골목형상점가,"8,072",59,
336,관악구,난곡 골목형상점가,골목형,관악구 난곡로24길 12 외,골목형상점가,"5,243",79,
337,관악구,관악중부시장,골목형,관악구 관악로 222 외,골목형상점가,"4,247",65,
소계,서초구,5,860,,,,,
338,서초구,남부종합시장,건물형,서초구 방배중앙로27길 17 (방배본동 767-1),등록,599-6735,"5,975",84
339,서초구,양재시장,건물형,"서초구 남부순환로356길 15 (양재동 1-7,8-1번지)",등록,573-2132,"2,525",34
340,서초구,강남터미널지하도상점가,지하도상가,서초구 신반포로 200 (반포동 163 지하도상가 라40),상점가,535-8182,"7,696",608
341,서초구,엔터식스 강남점,지하도상가,"서초구 신반포로 194(반포동 19-3,4)",상점가,6321-6008,"1,556",30
342,서초구,말죽거리 골목형상점가,골목형,서초구 남부순환로 356길 49(양재동 9),골목형상점가,579-1966,"6,847",104
소계,강남구,10,"1,469",,,,,
343,강남구,강남시장,건물형,강남구 압구정로2길 46 (신사동 510-11호),등록,542-1754,"4,856",70
344,강남구,영동전통시장,골목형,강남구 강남대로 128길 20(논현동 140외 44필지),인정,512-9111,"39,954",110
345,강남구,논현종합시장,건물형,강남구 봉은사로33길 33(논현동 227-4),등록,549-1940,"2,439",40
346,강남구,신사상가,건물형,강남구 압구정로29길 72-1(압구정동 454),등록,542-3516,"2,931",84
347,강남구,청담삼익시장,건물형,강남구 학동로 101길 26 (청담동 134-20),등록,547-0225,"5,685",175
348,강남구,강남역 지하도상가,상점가,강남구 테헤란로 101(역삼동 821-1),상점가,553-1898,"12,099",212
349,강남구,강남개포시장(개포2동 중심상점가),상점가,강남구 개포로 512(개포동186),상점가,3411-5266,"12,099",137
350,강남구,도곡시장,상점가,강남구 선릉로 63길7                                  (역삼동 765-5),상점가,556-1229,"3,106",58
351,강남구,은마종합상점가,상점가,강남구 삼성로 212              (대치동 316),상점가,556-9323,"28,723",549
352,강남구,강남언주로,상점가,강남구 언주로98길 5-4(역삼동 699-1),상점가,"6,688",34,
소계,송파구,8,"1,104",,,,,
353,송파구,마천시장,건물형,"마천로 45길 23                      (마천동 140-2,3)",등록,409-6500,"3,871",64
354,송파구,석촌시장,골목형,송파대로37길 52                      (석촌동 274-8),인정,414-8784,"17,833",60
355,송파구,새마을시장,골목형,백제고분로15길 42         (잠실동 207-4),인정,413-5757,"19,961",111
356,송파구,풍납시장,골목형,바람드리길 15-1                        (풍납동 88-61),인정,472-2050,"23,670",146
357,송파구,문정동 로데오거리 상점가,상점가,동남로 4길 10                      (문정동 41-5),상점가,400-1633,"45,850",254
358,송파구,방이시장,골목형,가락로 243(방이동 124-20일대),인정,413-2100,"35,625",138
359,송파구,마천중앙시장,골목형,"마천로45길 16, 2층                   (마천동 136-20)",인정,448-2808,"14,757",140
360,송파구,가락골골목형상점가,상점가,"송이로20길 12-16, 2층(가락동 86-4)",골목형상점가,02-400-5688,"12,607.5㎡",191
소계,강동구,9,936,,,,,
361,강동구,암사종합시장,골목형,강동구 성암로11길 25(암사동 501-17),인정,442-1040,"17,394",114
362,강동구,길동복조리시장,골목형,강동구 천중로52길37일대,인정,070-4896-2544,"2,050",151
363,강동구,둔촌역전통시장,골목형,강동구 풍성로58길 34(성내동 428-9),인정,6052-5657,"3,955",87
364,강동구,성내전통시장,골목형,강동구 천호대로162길 65(성내동 144-16),인정,475-8272,"2,700",76
365,강동구,명일전통시장,골목형,강동구 양재대로138길 일대,인정,475-7095,"1,862",60
366,강동구,고분다리전통시장,골목형,강동구 구천면로34길 10(천호동 393-33),인정,6227-0045,"1,468",85
367,강동구,로데오거리상점가,상점가,강동구 천호대로157길 14(천호동 454-50),상점가,478-7156,"6,273",150
368,강동구,장신구 특화거리 상점가,상점가,강동구 성내로 83(성내동 545-6),상점가,475-9140,"3,366",109
369,강동구,고덕 골목형상점가,상점가,강동구 고덕로83길 18일대,골목형상점가,429-1376,"6,699",104
